text,label,source,prompt
"As I step onto the debate stage, I am not just arguing for a motion - I am navigating the intricate landscape of human thought, where philosophy, ethics, and cognitive science converge. My fascination with these disciplines has been the driving force behind my academic pursuits and extracurricular activities, shaping me into a critically thinking, empathetic, and passionate individual. 

Growing up, I was always drawn to the big questions: What is the nature of reality? How do we distinguish right from wrong? What are the limits of human knowledge? These inquiries led me to devour the works of philosophers like Plato, Kant, and Nietzsche, and to explore the ethical theories of utilitarianism, deontology, and virtue ethics. As I delved deeper into these subjects, I began to realize that they were not just abstract concepts, but had real-world implications that could inform our decisions and actions. 

My interest in cognitive science, in particular, has allowed me to examine the underlying psychological and neuroscientific mechanisms that govern human thought and behavior. I have been fascinated by the findings of researchers like Daniel Kahneman and Amos Tversky, who have shown how cognitive biases and heuristics can influence our decision-making processes. This knowledge has not only enhanced my debating skills but also enabled me to better understand myself and those around me. 

As the captain of my school's debate team, I have had the opportunity to engage with a diverse range of topics, from the ethics of artificial intelligence to the implications of moral relativism. Through these debates, I have developed a unique ability to analyze complex issues from multiple perspectives, to articulate my thoughts clearly and persuasively, and to collaborate with others towards a common goal. 

But my passion for philosophy, ethics, and cognitive science extends beyond the debate stage. It has inspired me to take initiative in my community, organizing workshops and discussions on topics like moral philosophy and cognitive biases. It has also driven me to pursue research projects, exploring the applications of cognitive science in fields like education and public policy. 

In sharing my story, I hope to convey the depth of my passion for these disciplines and the impact they have had on my life. I am excited about the prospect of joining a community of scholars who share my interests and are committed to exploring the big questions that shape our understanding of the world. Through my academic and extracurricular pursuits, I aim to continue navigating the complexities of human thought, and to emerge as a thoughtful, informed, and engaged member of society.",1,groq_synthetic_ai,"Some students have a background, identity, interest, or talent that is so meaningful they believe their application would be incomplete without it. If this sounds like you, please share your story."
"As I delved into the realm of synthetic biology, I found myself enthralled by the prospect of harnessing microorganisms to solve real-world problems. However, my fascination was soon met with a daunting question: can we truly control the unintended consequences of engineering life? This inquiry sparked a period of introspection, prompting me to challenge a deeply ingrained belief in the scientific community – that advances in biotechnology are inherently beneficial.

My skepticism was kindled during a robotics club meeting, which I founded in my junior year of high school. While designing a project that integrated microbial fuel cells, I stumbled upon a study highlighting the potential risks of genetically modified organisms (GMOs) escaping into the environment. The possibility of unforeseen effects on ecosystems and human health gave me pause, forcing me to reexamine my assumptions about the field I was so passionate about.

As I dug deeper, I discovered that the scientific community was not immune to hubris, often prioritizing innovation over caution. This realization prompted me to organize a school-wide debate on the ethics of synthetic biology, inviting experts from local universities to share their perspectives. The discussion that ensued was eye-opening, with some arguing that the benefits of biotechnology outweighed the risks, while others emphasized the need for more stringent regulations and rigorous testing.

The outcome of this experience was a nuanced understanding of the complex interplay between scientific progress and responsible innovation. I came to realize that questioning established beliefs and ideas is not only essential but also a catalyst for growth. By acknowledging the potential pitfalls of synthetic biology, I gained a deeper appreciation for the importance of interdisciplinary approaches, collaboration, and critical thinking in addressing the challenges of this field.

This newfound awareness has informed my academic and extracurricular pursuits, as I strive to develop innovative solutions that balance human needs with environmental sustainability. My experiences have taught me that embracing uncertainty and doubt can be a powerful catalyst for personal growth, fostering a more thoughtful and empathetic approach to scientific inquiry. As I prepare to embark on my academic journey, I am eager to contribute to a community that values intellectual curiosity, creativity, and a commitment to responsible innovation. By doing so, I hope to make a meaningful impact in the field of bioengineering, one that prioritizes both human well-being and the well-being of our planet.",1,groq_synthetic_ai,Reflect on a time when you questioned or challenged a belief or idea. What prompted your thinking? What was the outcome?
"As I stood behind the counter of our family's grocery store, scanning the familiar faces of our rural town's residents, I often found myself pondering the notion that our community was stagnant, unchanging, and content with the status quo. Growing up, I had been taught that our town's traditional way of life was the only way, that we shouldn't rock the boat or challenge the established order. However, as I began to engage with customers, listening to their stories and concerns, I started to question this belief.

One customer in particular, Mrs. Jenkins, would often come into the store, complaining about the lack of fresh produce and healthy food options. She would lament about the limited job opportunities and the brain drain of young people leaving our town to pursue better futures elsewhere. Her words struck a chord within me, and I began to see our town not as a static entity, but as a complex, dynamic system with its own set of challenges and opportunities.

What prompted my thinking was the realization that our store, once the heartbeat of the community, was struggling to stay afloat. My parents, who had worked tirelessly to build the business, were facing increasing competition from larger chain stores and online retailers. I saw how this affected not only our family's livelihood but also the town's economy and social fabric. I started to wonder if our traditional approach to business and community development was truly sustainable.

As I delved deeper into these questions, I began to challenge the idea that our town was doomed to remain stagnant. I started to explore alternative solutions, such as partnering with local farmers to offer fresh produce, hosting community events to boost foot traffic, and even considering online platforms to expand our customer base. These ideas, though met with initial skepticism by some, eventually gained traction, and our store began to experience a resurgence.

The outcome was not only a revitalized business but also a renewed sense of purpose and pride within our community. By questioning and challenging the status quo, I had inadvertently become a catalyst for change. I realized that our town's future was not predetermined, but rather, it was ours to shape and create. This experience taught me the value of critical thinking, creativity, and community engagement. As I prepare to leave our rural town and pursue higher education, I carry with me the lessons learned from our store and the people who have inspired me. I am eager to continue questioning, challenging, and pushing boundaries, knowing that the future is not set in stone, but rather, it is ours to mold and create.",1,groq_synthetic_ai,Reflect on a time when you questioned or challenged a belief or idea. What prompted your thinking? What was the outcome?
"As I sat in my dimly lit room, surrounded by lines of code on my computer screen, I couldn't help but feel a sense of frustration. I had always been passionate about computer programming, teaching myself to code from a young age. However, it wasn't until I met my visually impaired friend, Rachel, that I began to question a fundamental belief that had driven my pursuits: that technology was inherently accessible to all.

Rachel's struggles to navigate even the simplest digital interfaces sparked a realization within me. Despite the rapid advancements in technology, the digital world remained largely inaccessible to individuals with visual impairments. This disconnect prompted me to challenge my long-held assumption that technology was universally accessible. I began to wonder: what was the point of creating innovative solutions if they only served a select few?

This newfound awareness sparked a period of intense self-reflection and exploration. I delved into the world of assistive technologies, learning about the unique challenges faced by visually impaired individuals. I discovered that even the most basic tasks, such as sending a text message or browsing the internet, were often insurmountable obstacles. This understanding fueled my determination to create change.

I dedicated myself to developing mobile tools that would bridge the accessibility gap. Through countless hours of coding and testing, I designed an app that utilized AI-powered voice commands and tactile feedback to facilitate navigation. The outcome was nothing short of remarkable. Rachel, along with numerous other visually impaired individuals, was able to interact with their devices in ways they never thought possible.

The impact of my work extended far beyond the digital realm. It challenged my own perceptions and biases, forcing me to confront the limitations of my previous understanding. I realized that true innovation is not just about creating novel solutions, but also about ensuring that those solutions are inclusive and equitable. This experience has instilled in me a sense of purpose, driving me to continue developing technologies that promote accessibility and empower marginalized communities.

As I look to the future, I am eager to leverage my skills and experience to drive meaningful change. I am excited to join a community of like-minded individuals who share my passion for creating a more inclusive and accessible world. Through this journey, I have come to understand that questioning my beliefs and challenging my assumptions was not a sign of weakness, but a testament to my growth and willingness to learn.",1,groq_synthetic_ai,Reflect on a time when you questioned or challenged a belief or idea. What prompted your thinking? What was the outcome?
"As I restock shelves and ring up purchases at my family's rural grocery store, my mind often wanders to the intricate dance of supply and demand that governs our small town's economy. The concept of community sustainability has become an all-consuming passion for me, one that makes hours feel like minutes as I delve into its complexities. Growing up in a tight-knit community where everyone knows each other's names, I've witnessed firsthand the delicate balance between local businesses, environmental stewardship, and social responsibility.

What captivates me about community sustainability is its multifaceted nature, encompassing everything from the sourcing of fresh produce to the preservation of our town's unique character. I find myself lost in thought, pondering the ways in which our family's store can serve as a hub for sustainable practices, supporting local farmers and reducing our carbon footprint. The more I learn, the more I realize the profound impact that individual choices can have on the well-being of our community. As I explore this concept, I turn to the wisdom of my parents, who have dedicated their lives to running our store and nurturing relationships with our customers.

When I want to learn more, I also seek out the expertise of our town's elder statespeople, who have witnessed the evolution of our community over decades. Their stories and insights have taught me the value of resilience, adaptability, and cooperation in the face of economic and environmental challenges. Moreover, I've discovered a wealth of knowledge through online resources, academic journals, and documentaries, which have broadened my understanding of sustainable development and its applications in rural settings.

As I prepare to leave my hometown and pursue higher education, I'm drawn to the prospect of exploring community sustainability in a more formal academic setting. I'm excited to engage with scholars, researchers, and peers who share my passion for creating thriving, environmentally conscious communities. Through coursework, research projects, and community engagement, I hope to deepen my understanding of the complex relationships between economic, social, and environmental factors that shape the vitality of rural towns like my own. Ultimately, my fascination with community sustainability stems from a deep-seated desire to make a positive impact on the place I call home, and I'm eager to leverage my knowledge and skills to contribute to the well-being of my community and beyond.",1,groq_synthetic_ai,"Describe a topic, idea, or concept you find so engaging that it makes you lose all track of time. Why does it captivate you? What or who do you turn to when you want to learn more?"
"As I reflect on the moments that have shaped me, one encounter stands out - a conversation with my debate team's coach that not only surprised me but also profoundly impacted my perspective on life. It was after a particularly grueling tournament, where our team had suffered a tough loss. I was disheartened, questioning my abilities and the value of the countless hours I had dedicated to debate. My coach, sensing my despair, sat me down and shared a story about the concept of "" Ikigai"" - a Japanese philosophy that roughly translates to ""reason for being."" He explained how, in the pursuit of excellence, we often lose sight of our true purpose, and that sometimes, it's the journey, not the destination, that brings us fulfillment.

This conversation was a turning point for me. My coach's words struck a chord, making me realize that my passion for debate was not just about winning, but about the intellectual exploration, the camaraderie with my teammates, and the opportunity to engage with complex ideas. His willingness to take the time to understand my struggles and offer guidance in such a thoughtful and philosophical manner was a surprising act of kindness that I had not expected. It made me happy and thankful in a way that was both profound and lasting.

The gratitude I felt towards my coach has motivated me in several ways. It has inspired me to approach challenges with a renewed sense of purpose, focusing on the intrinsic value of the experiences rather than just the outcomes. I have become more mindful of the impact I can have on others, striving to emulate my coach's empathetic and philosophical approach. This shift in perspective has also deepened my interest in philosophy, ethics, and cognitive science, as I seek to understand the human experience and our place within it.

Through this experience, I have come to appreciate the value of mentorship and the power of thoughtful guidance. My coach's act of kindness has taught me that gratitude can be a transformative force, capable of altering our perceptions and motivating us to grow. As I move forward, I aim to carry this lesson with me, seeking to make a positive impact on those around me, just as my coach has done for me. The encounter has not only made me a better debater but a more thoughtful and empathetic individual, and for that, I am eternally grateful.",1,groq_synthetic_ai,Reflect on something that someone has done for you that has made you happy or thankful in a surprising way. How has this gratitude affected or motivated you?
"As I sit in my small apartment, surrounded by the familiar sounds of Spanish and the hum of the city outside, I am reminded of the person who has made a profound impact on my life: my abuela. Her selfless actions, though unexpected, have not only made me happy but have also instilled in me a sense of purpose and gratitude that has shaped my journey as a budding investigative journalist.

When my family and I immigrated to the United States, I struggled to find my place in a new country with a new language. My abuela, who had also made the journey, took it upon herself to teach me the intricacies of English, patiently guiding me through the complexities of grammar and vocabulary. But it was not just her language lessons that made a difference – it was the way she encouraged me to explore my cultural identity, to embrace both my Latin American heritage and my new American surroundings.

One day, while watching a documentary on investigative journalism, my abuela turned to me and said, ""M'ija, you have a voice, and you should use it to tell the stories that need to be told."" Her words sparked a fire within me, and I began to pursue my passion for journalism, using my bilingualism to shed light on the stories of marginalized communities.

My abuela's unwavering support and guidance have made me grateful in a surprising way. Her actions have motivated me to pay it forward, to use my skills to amplify the voices of those who are often silenced. Through my reporting, I aim to create a platform for underrepresented communities, to give them a voice and a chance to be heard.

This gratitude has also affected me in a profound way, pushing me to work harder and strive for excellence. I have come to realize that my bilingualism is not a limitation, but a strength, allowing me to connect with people from diverse backgrounds and to tell stories that might otherwise go untold.

As I look to the future, I am reminded of my abuela's words: ""La gratitud es una virtud que nos hace crecer"" – gratitude is a virtue that makes us grow. Her selfless actions have taught me the value of gratitude and the importance of using my skills to make a positive impact. I am thankful for my abuela's unwavering support, and I am excited to continue on this journey, using my passion for investigative journalism to create change and to make a difference in the world.",1,groq_synthetic_ai,Reflect on something that someone has done for you that has made you happy or thankful in a surprising way. How has this gratitude affected or motivated you?
"As I reflect on my journey as a community organizer, one experience stands out as a pivotal moment of growth and transformation. It was the summer I attempted to launch an urban gardening initiative in a neglected lot in my city, only to face resistance from local authorities and skepticism from the very community I sought to empower.

My vision was to mobilize youth to transform the abandoned space into a thriving garden, providing a green oasis in the midst of concrete and steel. I spent countless hours researching, planning, and rallying support, convinced that this project would not only beautify the neighborhood but also foster a sense of community and environmental stewardship among young people. However, my enthusiasm was met with bureaucratic red tape and concerns about liability, safety, and property rights.

The initial rejection was devastating. I had invested so much of myself in this project, and the thought of abandoning it was unbearable. But as I struggled to come to terms with the setback, I realized that this experience was not a failure, but a valuable lesson in perseverance, adaptability, and community engagement. I learned that even the most well-intentioned initiatives can be derailed by unforeseen obstacles, and that success often requires navigating complex power dynamics and building relationships with diverse stakeholders.

Undeterred, I regrouped and refocused my efforts. I engaged in dialogue with local officials, listening to their concerns and addressing them through creative solutions. I also worked tirelessly to build trust with community members, involving them in the decision-making process and empowering them to take ownership of the project. Slowly but surely, the tide began to turn. We secured permits, garnered support from local businesses, and eventually broke ground on the garden.

The urban gardening initiative not only flourished but also became a catalyst for broader community transformation. It brought together individuals from all walks of life, fostering a sense of pride and collective responsibility for the environment. As I look back on this experience, I am reminded that obstacles are an inherent part of the journey towards creating positive change. The lessons I learned from this challenge – the importance of resilience, collaboration, and cultural competence – have been invaluable in my continued work as a community organizer. As I prepare to take the next step in my academic and professional journey, I am confident that these skills will serve me well in navigating the complexities of social and environmental justice.",1,groq_synthetic_ai,"The lessons we take from obstacles we encounter can be fundamental to later success. Recount a time when you faced a challenge, setback, or failure. How did it affect you, and what did you learn from the experience?"
"As I reflect on my journey, I am reminded of the transformative power of innovation and empathy. My self-taught journey in computer programming, which began as a curiosity-driven hobby, evolved into a passion that enabled me to create accessible mobile tools for visually impaired peers. This experience not only sparked a period of personal growth but also profoundly shifted my understanding of myself and others.

The catalyst for this growth was the realization that technology, often touted as a great equalizer, can also exacerbate existing inequalities. I witnessed how visually impaired individuals faced significant barriers in accessing digital information, limiting their participation in the modern world. This awareness ignited a sense of purpose within me, and I became determined to bridge this gap.

Through tireless efforts, I developed a suite of mobile applications designed to assist visually impaired users in navigating everyday tasks with greater ease. From voice-assisted navigation to tactile graphics, each tool was crafted with the input and feedback of the visually impaired community. As I worked alongside these individuals, I gained a deeper understanding of their experiences and the nuances of accessibility.

This project sparked a period of profound personal growth, as I transitioned from a solitary coder to a collaborative problem-solver. I learned to approach challenges with empathy and humility, recognizing that true innovation lies at the intersection of technology and human need. The realization that my work could have a tangible impact on people's lives was both exhilarating and humbling, fostering a sense of responsibility and purpose.

Moreover, this experience broadened my understanding of others, revealing the intricate web of abilities and disabilities that comprise the human experience. I came to appreciate the resilience and adaptability of visually impaired individuals, who often develop unique strategies to navigate a world not designed for them. This newfound appreciation has instilled in me a commitment to inclusive design, ensuring that technology serves as a tool for empowerment, rather than exclusion.

As I prepare to embark on the next stage of my academic journey, I carry with me the lessons learned from this experience. I am eager to leverage my skills in computer programming to drive positive change, collaborating with diverse communities to co-create solutions that promote equity and accessibility. The realization that my work can have a lasting impact on others has sparked a sense of purpose, illuminating a path forward that is guided by empathy, innovation, and a commitment to creating a more inclusive world.",1,groq_synthetic_ai,"Discuss an accomplishment, event, or realization that sparked a period of personal growth and a new understanding of yourself or others."
"As I stand at the podium, surveying the room with an air of confidence, I am not just a debate captain - I am a philosopher, an ethicist, and a cognitive scientist in disguise. My passion for these disciplines has not only shaped my academic pursuits but has also become an integral part of my identity. The intersection of philosophy, ethics, and cognitive science is where I find my true self, and it is this unique confluence that I believe sets my application apart.

Growing up, I was always fascinated by the intricacies of human thought and behavior. I devoured books on philosophy, from Plato to Nietzsche, and spent hours pondering the nature of reality and morality. As I delved deeper into these subjects, I began to realize that they were not mutually exclusive, but rather interconnected threads in the grand tapestry of human understanding. My exploration of ethics, in particular, led me to question the fundamental principles that guide our decision-making processes. I became enamored with the idea that our moral compass is not fixed, but rather shaped by a complex array of cognitive biases and cultural influences.

My experiences as a debate captain have allowed me to apply these theoretical concepts to real-world issues, navigating the nuances of argumentation and persuasion. I have learned to distill complex ideas into concise, compelling arguments, and to anticipate the counterarguments that might arise. But more importantly, I have come to appreciate the value of empathy and understanding in resolving conflicts and bridging ideological divides. Through debate, I have developed a unique ability to analyze problems from multiple perspectives, to identify the underlying assumptions and values that drive human behavior, and to craft innovative solutions that balance competing interests.

My fascination with cognitive science has further deepened my understanding of human thought and behavior. I am intrigued by the neural mechanisms that underlie our decision-making processes, and I believe that a nuanced understanding of these mechanisms is essential for developing effective solutions to complex problems. By integrating insights from philosophy, ethics, and cognitive science, I aim to develop a more comprehensive understanding of human nature, one that acknowledges the intricacies of our cognitive biases, the complexity of our moral landscapes, and the dynamic interplay between our thoughts, feelings, and actions.

As I prepare to embark on the next stage of my academic journey, I am excited to explore the intersections of philosophy, ethics, and cognitive science in a more rigorous and systematic way. I am confident that my unique blend of academic interests and extracurricular experiences has prepared me to make meaningful contributions to these fields, and I look forward to engaging with a community of scholars who share my passions and my commitment to intellectual curiosity. My story is one of intersection and integration, of disparate threads woven together to form a rich and vibrant tapestry. It is a story that I am eager to continue writing, and one that I believe will be enriched by the academic opportunities and resources that your institution has to offer.",1,groq_synthetic_ai,"Some students have a background, identity, interest, or talent that is so meaningful they believe their application would be incomplete without it. If this sounds like you, please share your story."
"As I sit in front of my computer, fingers flying across the keyboard, I am reminded of the journey that has brought me to this moment. Growing up, I was fascinated by the endless possibilities that technology offered, and I spent countless hours teaching myself to code. But it wasn't until I met my friend, Alex, who was born with a visual impairment, that I realized the true power of programming. Alex's struggles to navigate a world designed for the sighted sparked a passion within me to create accessible mobile tools that could bridge the gap between technology and visual impairment.

I began by researching existing solutions, only to find that they were often cumbersome, expensive, or limited in their functionality. Determined to make a difference, I dedicated myself to developing innovative, user-friendly apps that could empower visually impaired individuals to interact with the world around them. Through trial and error, I designed and built a suite of mobile tools, including a navigation system that uses audio cues to guide users through unfamiliar spaces, and a text-to-speech app that enables users to access digital content with ease.

As I worked on these projects, I witnessed firsthand the impact that accessible technology can have on people's lives. Alex, who had once struggled to read books or navigate public transportation, was now able to do so with confidence and independence. Seeing the difference that my creations made in his life, and in the lives of others, was a profound experience that deepened my commitment to this work.

Through this journey, I have come to realize that the true power of technology lies not in its complexity, but in its ability to empower and connect people. As a self-taught programmer, I have learned that innovation is not limited to those with formal training or expertise, but rather to those who are driven by a passion to make a difference. My experiences have taught me the value of perseverance, creativity, and collaboration, and have instilled in me a sense of purpose and direction.

As I look to the future, I am excited to continue exploring the intersection of technology and social impact. I am eager to join a community of like-minded individuals who share my passion for using innovation to drive positive change. Through my academic and professional pursuits, I aim to further develop my skills as a programmer and entrepreneur, and to create solutions that can benefit individuals and communities around the world. The journey that began with a simple desire to help my friend has evolved into a lifelong commitment to harnessing the power of technology to create a more inclusive, equitable, and just world.",1,groq_synthetic_ai,"Share an essay on any topic of your choice. It can be one you've already written, one that responds to a different prompt, or one of your own design."
"As I sit at the piano, fingers poised over the keys, I am met with a familiar sense of dichotomy. The logical, methodical world of code and algorithms that I've grown to love as a programmer seems to collide with the expressive, emotional realm of music. Yet, it is precisely this intersection that has come to define my passion and purpose. My journey as a classical pianist and programmer has led me to a fascinating realm: the fusion of algorithmic composition and human emotion.

Growing up, music was my solace, my confidant, and my creative outlet. The works of Chopin, Debussy, and Bach transported me to a world of beauty and complexity, where emotions were conveyed through subtle nuances of melody and harmony. As I delved deeper into the world of music, I began to notice the intricate patterns and structures that underlie even the most seemingly spontaneous compositions. This realization sparked a curiosity about the potential for algorithms to generate music, and I soon found myself drawn to the field of programming.

As I learned to code, I was struck by the parallels between musical composition and software development. Both involve the creation of complex systems, governed by rules and patterns, yet capable of yielding unexpected beauty and elegance. I began to experiment with algorithmic composition, using code to generate musical patterns and phrases. The results were astounding – the algorithms could produce novel, often surprising, combinations of sounds that seemed to tap into the very essence of human emotion.

My exploration of this intersection has not only deepened my understanding of music and programming but has also revealed the profound impact that algorithmic composition can have on our emotional experience. By analyzing and generating musical patterns, I've gained insight into the ways in which our brains process and respond to emotional cues. This knowledge has, in turn, informed my own compositions, allowing me to craft music that is both technically sophisticated and emotionally resonant.

As I prepare to embark on the next stage of my academic journey, I am excited to further explore the convergence of music, programming, and human emotion. I am eager to engage with scholars and artists who share my passion for this interdisciplinary field and to contribute my own unique perspective to the conversation. Through my studies, I aim to push the boundaries of algorithmic composition, creating innovative, emotionally charged music that inspires and challenges listeners. Ultimately, my goal is to harness the power of code and creativity to craft a new sonic landscape – one that reflects the intricate, beautiful complexities of the human experience.",1,groq_synthetic_ai,"Some students have a background, identity, interest, or talent that is so meaningful they believe their application would be incomplete without it. If this sounds like you, please share your story."
"As I reflect on the moments that have shaped my life's purpose, I am reminded of Mrs. Johnson, a community elder who selflessly nurtured my passion for environmental sustainability. Her unwavering support and guidance not only made me happy and thankful but also instilled in me a sense of responsibility to give back to my community. Mrs. Johnson's influence has been a catalyst for my growth as a community organizer, and I am eager to share the profound impact she has had on my life.

It was Mrs. Johnson who first introduced me to the world of urban gardening, teaching me how to transform vacant lots into thriving oases. As we worked side by side, she shared stories of her own experiences as a young activist, fighting for environmental justice in our city. Her wisdom, patience, and generosity inspired me to mobilize my peers around the cause of sustainability. Together, we established a youth-led initiative, ""Green Spaces,"" which aimed to create community gardens and promote eco-friendly practices throughout our neighborhood.

Mrs. Johnson's belief in me and my abilities was a constant source of motivation. She encouraged me to take risks, to experiment, and to learn from my mistakes. As our initiative gained momentum, she connected me with local leaders, providing valuable networking opportunities and access to resources. Her support helped me secure funding, build partnerships, and amplify our message. The impact was palpable: we created green spaces that not only beautified our community but also served as hubs for education, advocacy, and social cohesion.

Mrs. Johnson's selflessness has had a profound effect on my life. Her investment in me has sparked a deep sense of gratitude, which in turn has fueled my commitment to creating positive change. I have come to realize that the true measure of our actions is not what we achieve, but the impact we have on others. As I prepare to take the next step in my academic journey, I am reminded of the importance of paying it forward. I aspire to continue Mrs. Johnson's legacy, empowering future generations to become environmental stewards and community leaders.

The experience has taught me that gratitude is not just a feeling, but a call to action. It has motivated me to pursue a career in environmental sustainability, using my skills to address the complex challenges facing our planet. As I look to the future, I am eager to collaborate with like-minded individuals, to learn from their experiences, and to contribute my own skills and passion to the table. Mrs. Johnson's gift to me has been a reminder that the power to create positive change lies within each of us, and that together, we can cultivate a brighter, more sustainable future for all.",1,groq_synthetic_ai,Reflect on something that someone has done for you that has made you happy or thankful in a surprising way. How has this gratitude affected or motivated you?
"As I reflect on my journey, I am reminded of the vibrant community garden that has become a symbol of transformation in our city. What was once a neglected lot is now a thriving oasis, teeming with life and possibility. This garden is more than just a plot of land – it represents the power of collective action, the resilience of my community, and the passion that drives me to create positive change.

Growing up in a city plagued by environmental degradation and urban blight, I witnessed firsthand the impact of neglect and disinvestment on our neighborhoods. But I also saw the potential for transformation, the spark of hope that ignited when community members came together to reclaim and revitalize their spaces. As a community organizer, I have dedicated myself to mobilizing youth around environmental sustainability and urban gardening, empowering them to become agents of change in their own communities.

Through our organization, Green Roots, we have established a network of community gardens, each one a hub of activity, education, and empowerment. We have created programs that teach youth about sustainable gardening practices, environmental justice, and community leadership. I have watched as young people, once disconnected from their surroundings, have become engaged, enthusiastic, and committed to creating a better future for themselves and their communities.

My work with Green Roots has not only deepened my understanding of the complex relationships between environment, economy, and social justice but has also helped me develop essential skills in community engagement, advocacy, and leadership. I have learned to listen, to facilitate, and to amplify the voices of others, recognizing that true power lies not in individual action, but in collective effort.

As I prepare to take the next step in my educational journey, I am eager to build on the knowledge, experience, and passion that have defined my community organizing work. I am excited to engage with a diverse community of scholars, to explore the intersections of environmental sustainability, social justice, and community development, and to develop the skills and expertise necessary to drive meaningful change at scale.

My story is one of community, of collective action, and of the transformative power of grassroots organizing. It is a story that I believe would be incomplete without the context of my work with Green Roots, and the lessons I have learned about the potential for individuals to come together to create a more just, equitable, and sustainable world. I am proud to be a part of this movement, and I look forward to continuing to grow, learn, and contribute to the creation of a brighter, more resilient future for all.",1,groq_synthetic_ai,"Some students have a background, identity, interest, or talent that is so meaningful they believe their application would be incomplete without it. If this sounds like you, please share your story."
"As I sit at the piano, fingers poised over the keys, I am met with a familiar dichotomy. The mathematical precision of music theory and the boundless expression of human emotion seem to coexist in an intricate dance. This intersection of art and science has become the defining theme of my academic and artistic pursuits, as I delve into the fascinating realm of algorithmic composition.

My journey as a classical pianist has been a lifelong passion, with hours of dedicated practice and performance shaping my musical voice. However, it was not until I discovered the world of programming that I began to appreciate the profound connections between code and creativity. The logical structures and patterns that underlie music theory found a parallel in the algorithms and data structures that govern computer science. This realization sparked a curiosity that has driven me to explore the possibilities of generating music through computational means.

As I experiment with algorithmic composition, I am struck by the tension between the predictability of code and the unpredictability of human emotion. Can a machine truly capture the essence of feeling, or is it limited to mimicking the surface-level patterns of music? I have found that the answer lies in the subtle interplay between the two. By designing algorithms that incorporate elements of chaos and randomness, I can create compositions that evoke a sense of authenticity and emotional depth.

Through this intersection of music and programming, I have come to understand the value of embracing complexity and nuance. The most compelling pieces are often those that balance structure and spontaneity, much like the delicate balance between logic and creativity. This synergy has not only refined my skills as a pianist and programmer but has also broadened my perspective on the world. I have come to see the intricate patterns and harmonies that underlie human experience, from the rhythms of language to the melodies of memory.

As I prepare to embark on the next stage of my academic journey, I am eager to continue exploring the frontiers of algorithmic composition and its potential to capture the essence of human emotion. I am confident that my unique blend of artistic and technical skills will enable me to make meaningful contributions to this field, and I look forward to collaborating with like-minded individuals who share my passion for innovation and creativity. Through this intersection of music, code, and emotion, I aim to craft a new narrative – one that weaves together the threads of art and science to create a rich tapestry of sound and meaning.",1,groq_synthetic_ai,"Some students have a background, identity, interest, or talent that is so meaningful they believe their application would be incomplete without it. If this sounds like you, please share your story."
"As I sit at my desk, surrounded by the familiar sounds of Spanish and English intermingling in the air, I am reminded of the duality that has defined my life as an immigrant. My name, a constant switch between the rolling ""r""s of my native tongue and the crisp pronunciation of my adopted language, is a testament to the bilingualism that has become my norm. But it's not just my name that has been shaped by this experience – it's my perspective, my passion, and my purpose.

Growing up, I struggled to reconcile the two cultures that coexisted within me. My parents, who had left their homeland in search of a better life, instilled in me a deep love for our heritage, while my American education introduced me to new customs, values, and ways of thinking. This dichotomy often left me feeling like I was caught between two worlds, unsure of which one I truly belonged to. But as I began to explore the world of investigative journalism, I discovered a sense of purpose that transcended the boundaries of language and culture.

There's something about the thrill of the hunt, the pursuit of truth, and the power of storytelling that resonated deeply with me. I found solace in the fact that, as a journalist, I could use my bilingualism as a strength, not a weakness. I could navigate the complexities of two cultures, uncovering stories that might have gone untold, and giving voice to those who might have otherwise been silenced.

As I delved deeper into the world of journalism, I began to realize that my experiences as an immigrant were not limitations, but rather unique advantages. My ability to move seamlessly between languages and cultures allowed me to access communities that might have been inaccessible to others. I could interview sources in their native language, understand the nuances of their experiences, and convey their stories with authenticity and empathy.

Through my work, I've come to understand that my cultural identity is not a fixed entity, but rather a dynamic and evolving aspect of who I am. It's a fusion of the old and the new, the familiar and the unknown. And it's this fusion that fuels my passion for investigative journalism, driving me to seek out the truth, to challenge the status quo, and to amplify the voices of those who need to be heard.

As I look to the future, I know that I want to continue using my skills as a journalist to make a difference. I want to tell the stories that need to be told, to shed light on the injustices that need to be exposed, and to inspire change. And I know that, no matter where my journey takes me, my bilingualism, my cultural identity, and my love for investigative journalism will remain the constants that define me.",1,groq_synthetic_ai,"Share an essay on any topic of your choice. It can be one you've already written, one that responds to a different prompt, or one of your own design."
"As I reflect on my journey, I am reminded of the vibrant community garden that has become a staple in our city's urban landscape. What was once a neglected lot is now a thriving oasis, teeming with life and possibility. This transformation is not just a testament to the power of grassroots organizing, but also a reflection of my own growth and passion for environmental sustainability.

Growing up in a city plagued by pollution and disinvestment, I witnessed firsthand the devastating impact of environmental neglect on marginalized communities. Yet, I also saw the resilience and determination of my neighbors, who despite the odds, continued to cultivate hope and beauty in the most unlikely of places. This sparked a fire within me, and I became determined to mobilize my peers around the cause of environmental sustainability.

Through my work as a community organizer, I have had the privilege of bringing together young people from diverse backgrounds to co-create urban gardens, implement recycling programs, and advocate for eco-friendly policies. These initiatives not only fostered a sense of community and social responsibility but also empowered youth to become agents of change in their own right. I have watched as young people, once disillusioned and disconnected, discovered their voice and passion for creating a more just and sustainable world.

My experiences have taught me the value of collective action, creative problem-solving, and cultural humility. I have learned to listen deeply to the concerns and ideas of community members, to adapt to unexpected challenges, and to celebrate the diversity of perspectives and experiences that make our movement stronger. As I prepare to take the next step in my academic and professional journey, I am eager to build on these skills and knowledge, exploring the intersections of environmental justice, urban planning, and community development.

This journey has not only shaped my commitment to environmental sustainability but also deepened my understanding of myself and my place within the world. I have come to realize that my identity as a community organizer is not just a reflection of my actions, but also a source of purpose and meaning. As I look to the future, I am excited to join a community of scholars and leaders who share my passion for creating a more just, equitable, and sustainable world. I am confident that my unique blend of experience, passion, and perspective will enable me to make a meaningful contribution to this community, and I look forward to continuing my growth and learning in a dynamic and supportive environment.",1,groq_synthetic_ai,"Some students have a background, identity, interest, or talent that is so meaningful they believe their application would be incomplete without it. If this sounds like you, please share your story."
"As I sit at the piano, fingers poised over the keys, I am met with a familiar sense of dichotomy. On one hand, the meticulous world of programming, where code and logic reign supreme, has taught me the beauty of precision and structure. On the other, the expressive realm of music, with its nuances and emotions, beckons me to explore the depths of human feeling. It is at the intersection of these two passions – classical piano and programming – that I have discovered my true fascination: the symbiosis of algorithmic composition and human emotion.

Growing up, I was enchanted by the works of Bach and Chopin, whose masterpieces seemed to convey the full spectrum of human experience. As I delved deeper into music theory, I began to appreciate the intricate patterns and structures that underpinned these compositions. Meanwhile, my introduction to programming sparked a parallel interest in the creative potential of code. I soon found myself drawn to the field of algorithmic composition, where I could harness the power of computational logic to generate music that was both innovative and emotionally resonant.

Through my experiments with algorithmic composition, I have come to realize that the most compelling music is that which balances the precision of code with the unpredictability of human emotion. By integrating machine learning algorithms with traditional compositional techniques, I have created pieces that not only showcase technical proficiency but also evoke a sense of vulnerability and intimacy. This fusion of art and science has allowed me to tap into the essence of human experience, distilling the complexities of emotion into a universal language that transcends words.

As I prepare to embark on my academic journey, I am excited to explore the frontiers of this intersection, where technology and artistry converge. I envision myself collaborating with like-minded individuals from diverse disciplines, leveraging our collective expertise to push the boundaries of creative expression. By merging the analytical rigor of programming with the expressive potential of music, I aim to craft compositions that not only showcase technical innovation but also touch the hearts of those who listen.

My story is one of synthesis, where two seemingly disparate passions have coalesced into a unique and meaningful whole. As I submit my application, I am confident that my distinctive blend of musical and programming expertise will enable me to make a distinctive contribution to your academic community. I look forward to exploring the uncharted territories of algorithmic composition, where the precision of code and the beauty of human emotion entwine to create something truly extraordinary.",1,groq_synthetic_ai,"Some students have a background, identity, interest, or talent that is so meaningful they believe their application would be incomplete without it. If this sounds like you, please share your story."
"As I reflect on my journey, I am reminded of the intricate dance between biology and engineering that has captivated my imagination. My fascination with the potential of synthetic biology to revolutionize healthcare, agriculture, and environmental sustainability has driven me to pursue a career in bioengineering. The confluence of these two disciplines has not only deepened my understanding of the natural world but also inspired me to design innovative solutions to real-world problems.

My passion for bioengineering was ignited when I founded my high school's robotics club. What began as a humble endeavor to bring like-minded students together quickly evolved into a vibrant community of creators and problem-solvers. As we designed and built robots, I realized that the principles of engineering could be applied to the intricate mechanisms of living organisms. This epiphany sparked a curiosity that led me to explore the realm of synthetic biology, where I discovered the potential to reprogram microorganisms to produce biofuels, clean environmental pollutants, and even create novel therapeutics.

Through my experiences in the robotics club, I developed essential skills in leadership, teamwork, and creative problem-solving. I learned to communicate complex ideas effectively, to collaborate with peers from diverse backgrounds, and to persevere in the face of challenges. These skills have been invaluable in my pursuit of bioengineering, as I have applied them to design and conduct experiments, analyze data, and present my findings to academic and professional audiences.

My fascination with synthetic biology has also led me to explore the ethical implications of this emerging field. I have grappled with questions about the responsible use of biotechnology, the potential consequences of manipulating genetic code, and the need for rigorous safety protocols. These reflections have deepened my appreciation for the complexities of bioengineering and have instilled in me a commitment to approach this field with humility, curiosity, and a passion for lifelong learning.

As I look to the future, I am excited to contribute to the vibrant community of scholars and researchers in bioengineering. I am eager to explore the frontiers of synthetic biology, to collaborate with peers and mentors, and to design innovative solutions that address pressing global challenges. My journey as a bioengineer has just begun, and I am confident that the knowledge, skills, and passions I have acquired will empower me to make a meaningful impact in this field. With unwavering dedication and unrelenting curiosity, I am ready to embark on this exciting journey and to contribute to the next revolution in bioengineering.",1,groq_synthetic_ai,"Share an essay on any topic of your choice. It can be one you've already written, one that responds to a different prompt, or one of your own design."
"As I sit in my small apartment, surrounded by the familiar sounds of Spanish television and the aroma of my mother's cooking, I am reminded of the complex tapestry that is my identity. As a first-generation immigrant, I have always navigated the intersection of two cultures, two languages, and two worlds. But it is in the pursuit of investigative journalism that I have found a sense of purpose and belonging, a way to weave together the disparate threads of my experience.

Growing up, I struggled to reconcile my bilingualism with my sense of self. In school, I was encouraged to speak only English, while at home, my family spoke exclusively in Spanish. I felt like I was living in two separate worlds, each with its own language, customs, and expectations. But as I began to explore my passion for journalism, I realized that my bilingualism was not a limitation, but a strength. I could move seamlessly between languages, using my proficiency in Spanish to tell the stories of my community, and my knowledge of English to amplify those stories to a broader audience.

My love of investigative journalism was sparked by a high school project, where I uncovered a pattern of environmental injustices in my neighborhood. I spent hours poring over documents, conducting interviews, and analyzing data, and the more I dug, the more I realized that the stories of my community were not being told. I saw how the lack of access to resources, the neglect of environmental concerns, and the systemic inequality were all interconnected, and I knew that I wanted to use my skills to shed light on these issues.

As I delved deeper into the world of journalism, I began to see the power of storytelling to shape our understanding of the world and ourselves. I realized that my experiences as an immigrant, as a bilingual person, and as a member of a marginalized community gave me a unique perspective, one that could inform and enrich the stories I told. I began to write for my school newspaper, and later, for local publications, using my platform to amplify the voices of those who had been silenced or overlooked.

Through my work, I have come to understand that my identity is not a fixed or static thing, but a dynamic and evolving narrative. I am a product of multiple cultures, languages, and experiences, and it is in the intersection of these different worlds that I have found my sense of purpose. As I look to the future, I know that I want to continue to use my skills as a journalist to tell the stories that need to be told, to shed light on the injustices that plague our communities, and to amplify the voices of those who have been marginalized. I am excited to bring my unique perspective and experiences to a community of scholars and journalists, and to continue to explore the complexities of identity, culture, and language that have shaped my journey so far.",1,groq_synthetic_ai,"Share an essay on any topic of your choice. It can be one you've already written, one that responds to a different prompt, or one of your own design."
"As I walk through the once-abandoned lot on 5th Street, now teeming with life and vibrant greenery, I am reminded of the transformative power of community-driven change. What was once a desolate eyesore is now a thriving urban garden, where local youth gather to learn, grow, and nurture the very earth that sustains us. This garden, born from the collective efforts of our city's young people, represents more than just a plot of land – it embodies the potential for grassroots activism to reshape the future of our planet.

My journey as a community organizer began with a simple yet profound realization: the health of our environment is inextricably linked to the well-being of our communities. As I witnessed the devastating impact of pollution, climate change, and neglect on our city's most vulnerable neighborhoods, I knew that I had to act. I began by mobilizing my peers, leveraging social media, and partnering with local organizations to raise awareness about the importance of environmental sustainability.

However, it wasn't until we broke ground on the 5th Street garden that I saw the true potential of our collective efforts. As we worked together, planting seeds, building raised beds, and tending to the soil, something remarkable happened. The garden became a hub for intergenerational connection, cultural exchange, and social activism. Young people from diverse backgrounds came together, sharing their experiences, skills, and perspectives to co-create a shared vision for a more sustainable future.

Through this experience, I gained a deeper understanding of the complexities of environmental justice and the critical role that community-led initiatives play in driving systemic change. I saw how the garden served as a catalyst for empowerment, providing a platform for youth to develop leadership skills, build confidence, and cultivate a sense of agency over their environment.

As I prepare to take the next step in my academic and professional journey, I am committed to scaling the impact of our community's work, exploring innovative solutions to the environmental challenges we face, and amplifying the voices of those most affected by them. The 5th Street garden has taught me that even in the most unlikely of places, there lies the potential for transformation, growth, and collective liberation. I am excited to join a community of scholars and changemakers who share my passion for creating a more just, equitable, and sustainable world – one garden, one neighborhood, and one generation at a time.",1,groq_synthetic_ai,"Share an essay on any topic of your choice. It can be one you've already written, one that responds to a different prompt, or one of your own design."
"As I reflect on my journey as a community organizer, one pivotal moment stands out as a catalyst for personal growth and a deeper understanding of myself and others: the launch of our city's first youth-led urban garden. What began as a small initiative to beautify a vacant lot evolved into a vibrant hub of environmental sustainability, fostering a sense of community and empowering a new generation of leaders.

The spark that ignited this transformation was a town hall meeting, where I witnessed a room full of disillusioned youth expressing frustration about the lack of green spaces in our city. Their passion and concern resonated deeply with me, and I realized that I had a unique opportunity to mobilize and support their efforts. Over the next several months, I worked tirelessly alongside these young people, facilitating workshops, securing funding, and advocating for policy changes that would enable our garden to thrive.

As the garden began to take shape, I witnessed a profound shift in the young people involved. They began to see themselves as agents of change, capable of transforming not only their environment but also their own lives. I, too, underwent a significant transformation. I discovered that my role as a community organizer was not only about driving social change but also about empowering others to become leaders and change-makers in their own right.

This experience sparked a period of personal growth, as I developed a new understanding of myself as a facilitator, rather than a director. I learned to listen more intently, to trust in the abilities of others, and to create space for diverse perspectives and ideas. As I watched the garden flourish, I realized that true leadership is not about individual achievement but about collective impact. The garden became a symbol of what can be accomplished when people come together, sharing a common vision and working towards a common goal.

Through this experience, I gained a deeper appreciation for the complexities and nuances of community development. I learned that even the smallest actions can have a profound impact when driven by a shared sense of purpose and passion. As I look to the future, I am eager to apply the lessons I have learned to new contexts and challenges, leveraging my skills and experience to drive positive change and empower others to do the same. The urban garden will always be a reminder of the transformative power of community and the boundless potential that arises when we work together towards a common goal.",1,groq_synthetic_ai,"Discuss an accomplishment, event, or realization that sparked a period of personal growth and a new understanding of yourself or others."
"As I sit in front of my computer, lines of code streaming down the screen, I often find myself lost in the world of programming. The concept that captivates me is the intersection of technology and accessibility, particularly in developing mobile tools for visually impaired individuals. I recall the first time I witnessed a friend struggle to navigate a smartphone, and it struck me – the very devices designed to connect us can also isolate those who need them most. This realization sparked a passion within me, and I became determined to create a change.

Hours dissolve into days as I delve into the world of assistive technology, teaching myself programming languages and exploring ways to adapt mobile applications for the visually impaired. I am fascinated by the potential of technology to level the playing field, to empower individuals with disabilities to participate fully in the digital landscape. The more I learn, the more I realize how much there is to discover, and my curiosity drives me to push beyond the boundaries of what is possible.

When I want to learn more, I turn to online forums and communities, where I engage with other developers, researchers, and advocates who share my passion for accessibility. I also seek out mentors, such as Dr. Daniel Kish, a renowned expert in echolocation and accessibility, whose work has inspired me to think creatively about the potential of technology to enhance the human experience. Furthermore, I participate in hackathons and coding challenges, where I collaborate with like-minded individuals to develop innovative solutions for real-world problems.

My self-taught journey has not only deepened my understanding of programming but also instilled in me a sense of purpose. I have developed a mobile app that utilizes AI-powered voice assistance to facilitate navigation for visually impaired users. Witnessing the impact of my work on individuals who had previously felt excluded from the digital world has been profoundly rewarding. It has shown me that even the smallest innovation can have a significant ripple effect, improving lives and fostering a more inclusive society.

As I reflect on my journey, I realize that my fascination with accessibility and technology stems from a fundamental belief in the transformative power of innovation. When I am lost in the world of coding and problem-solving, I am not just writing lines of code – I am working towards a future where technology is a tool for empowerment, not exclusion. This passion drives me to continue learning, to push the boundaries of what is possible, and to create a world where everyone has equal access to the benefits of technology.",1,groq_synthetic_ai,"Describe a topic, idea, or concept you find so engaging that it makes you lose all track of time. Why does it captivate you? What or who do you turn to when you want to learn more?"
"As I sit at the piano, fingers poised over the keys, I am met with a dichotomy. The classical music that has been my solace and passion since childhood now converges with the algorithmic compositions that have come to fascinate me. This intersection of art and code has become the foundation of my identity, fueling my curiosity and creativity. My story is one of harmony between the intuitive and the analytical, the emotional and the rational.

Growing up, music was my sanctuary. The intricate patterns and melodies of Chopin, Debussy, and Bach transported me to a world of beauty and expression. As I delved deeper into the world of classical piano, I began to appreciate the nuances of human emotion that music could evoke. However, it wasn't until I stumbled upon algorithmic composition that I discovered a new dimension to my passion. The idea that mathematical formulas and code could generate music that was both aesthetically pleasing and emotionally resonant sparked a sense of wonder within me.

I began to experiment with programming languages like Python and Java, using libraries like Music21 and MIDI to create my own algorithmic compositions. The process was both exhilarating and humbling, as I struggled to reconcile the creative freedom of music with the rigid structure of code. Yet, it was in this tension that I found a sense of purpose. By merging the intuitive and the analytical, I could craft music that was not only technically impressive but also emotionally authentic.

Through this journey, I have come to realize that the intersection of music and code is not just a novelty, but a reflection of the human experience. Our emotions, like music, are complex and multifaceted, while our thoughts, like code, are structured and logical. By embracing this dichotomy, I have gained a deeper understanding of myself and the world around me. My music has become a testament to the beauty of intersectionality, where the artistic and the technical converge to create something greater than the sum of its parts.

As I prepare to embark on the next chapter of my academic journey, I am excited to explore the vast possibilities that lie at the intersection of music, code, and human emotion. I am confident that my unique blend of artistic and technical skills will enable me to make meaningful contributions to the fields of music technology and computer science. My story is one of harmony and fusion, a celebration of the beauty that arises when seemingly disparate elements come together in perfect sync.",1,groq_synthetic_ai,"Some students have a background, identity, interest, or talent that is so meaningful they believe their application would be incomplete without it. If this sounds like you, please share your story."
"As I stood behind the counter of our family's grocery store, watching the sun set over the rural landscape, I often wondered what lay beyond the horizon. Growing up in a small town, where everyone knew each other's names and struggles, I learned the value of hard work and community. However, it was not until our store faced a devastating setback that I discovered the true meaning of resilience and perseverance.

A severe storm hit our town, knocking out the power and causing significant damage to our store. The aftermath was daunting: shattered windows, ruined inventory, and a looming question mark over our family's livelihood. My parents, the pillars of our community, were on the verge of giving up. But I saw an opportunity to learn and grow. I took on a more active role in the store's recovery, working tirelessly to clean up the mess, restock shelves, and reassure our customers that we would bounce back.

The experience was a trial by fire, teaching me valuable lessons about adaptability, creative problem-solving, and the importance of community support. As we navigated the long and arduous process of rebuilding, I realized that failure is not the opposite of success, but rather a stepping stone to it. I learned to approach challenges with a growth mindset, embracing uncertainty and using it as a catalyst for innovation.

The storm may have shaken our store, but it also strengthened our bonds with the community. Neighbors and friends rallied around us, offering help and encouragement. I saw firsthand the power of collective effort and the impact it can have on overcoming adversity. This experience not only helped me develop a sense of purpose but also deepened my understanding of the interconnectedness of our town and the importance of supporting one another.

As I prepare to leave the comfort and familiarity of my hometown, I carry with me the lessons learned from that fateful storm. I know that the road ahead will be filled with its own set of challenges, but I am ready to face them head-on, armed with the resilience and determination that defined our store's recovery. My experience has taught me that success is not solely defined by achievements, but by the character and wisdom gained from overcoming obstacles. I am eager to bring this perspective to a college community, where I can continue to grow, learn, and make a meaningful contribution. The storm may have tested our store, but it also prepared me for the journey ahead, and I am confident that I will emerge stronger, wiser, and more determined than ever.",1,groq_synthetic_ai,"The lessons we take from obstacles we encounter can be fundamental to later success. Recount a time when you faced a challenge, setback, or failure. How did it affect you, and what did you learn from the experience?"
"As I reflect on the journey that has shaped me into the person I am today, I am reminded of the vibrant urban garden that once lay abandoned in the heart of our city. It was there, amidst the overgrown weeds and rusty fences, that I discovered my passion for environmental sustainability and community organizing. The transformation of that garden into a thriving oasis, and the subsequent mobilization of youth around its cause, not only sparked a period of personal growth but also profoundly altered my understanding of myself and others.

The garden, which we aptly named ""Green Haven,"" was more than just a plot of land; it was a symbol of hope and resilience for our community. As I worked tirelessly to rally local youth around its restoration, I witnessed firsthand the impact that collective action could have on individuals and the environment. The once-neglected space began to flourish, and with it, a sense of purpose and belonging among our team of young volunteers. I saw how the simple act of planting a seed or tending to a bed of flowers could instill a sense of pride and ownership, breaking down social barriers and fostering a sense of community.

Through this experience, I gained a deeper understanding of the intricate relationships between social justice, environmental sustainability, and personal empowerment. I realized that the struggles faced by our community – poverty, lack of access to green spaces, and environmental degradation – were not isolated issues, but rather interconnected problems that required a holistic approach. As I worked to address these challenges, I discovered my own strengths and passions, including my ability to bring people together and facilitate meaningful dialogue.

The Green Haven project also taught me the value of empathy and active listening. As I engaged with community members, I learned to appreciate the diverse perspectives and experiences that shaped their relationships with the environment. I saw how the garden became a safe space for individuals to share their stories, concerns, and hopes, and how this collective storytelling could inform and inspire our work. This realization has had a lasting impact on my approach to community organizing, as I now strive to create inclusive and participatory processes that amplify the voices of marginalized groups.

The transformation of Green Haven and the growth of our youth-led movement have been a testament to the power of collective action and the human spirit. As I prepare to take the next step in my academic and professional journey, I carry with me the lessons learned from this experience: the importance of community, the interconnectedness of social and environmental issues, and the need for empathy and inclusive leadership. I am excited to build upon this foundation, exploring new ways to harness the energy and creativity of young people to drive positive change and create a more just and sustainable world.",1,groq_synthetic_ai,"Discuss an accomplishment, event, or realization that sparked a period of personal growth and a new understanding of yourself or others."
"As I reflect on my journey, I am reminded of the profound impact that technology can have on people's lives. Growing up, I witnessed my visually impaired grandmother struggle to navigate the digital world, and it sparked a passion within me to create change. With no formal training, I embarked on a self-taught journey to learn computer programming, driven by the desire to develop innovative solutions that would empower individuals like my grandmother.

Through countless hours of dedication and perseverance, I acquired a deep understanding of programming languages and software development. I began to design and build mobile tools that would facilitate accessibility for the visually impaired community. My flagship project, ""AccessPal,"" is a mobile application that utilizes AI-powered voice assistance, tactile feedback, and high-contrast visuals to enable users to navigate everyday tasks with ease. Witnessing my grandmother's face light up as she effortlessly sent her first text message using AccessPal was a moment of profound joy and validation.

As I delved deeper into the world of accessible technology, I discovered a community of like-minded individuals who shared my passion for creating inclusive solutions. Collaborating with visually impaired peers and experts in the field, I refined my tools and expanded my reach. I developed a suite of applications that catered to various aspects of daily life, from education to entertainment. The feedback and testimonials I received from users were a testament to the tangible difference my work was making.

This journey has not only honed my technical skills but also instilled in me a sense of purpose and social responsibility. I have come to realize that technology is not merely a tool, but a catalyst for empowerment and equality. My experiences have taught me the importance of empathy, active listening, and co-creation in developing solutions that truly address the needs of marginalized communities.

As I prepare to take the next step in my academic and professional journey, I am excited to leverage my skills and passion to drive meaningful impact. I am confident that my unique blend of technical expertise, creative problem-solving, and commitment to accessibility will enable me to make a positive difference in the lives of others. I look forward to being part of a community that values innovation, inclusivity, and social responsibility, and I am eager to contribute my skills and experience to create a more equitable and accessible world for all.",1,groq_synthetic_ai,"Some students have a background, identity, interest, or talent that is so meaningful they believe their application would be incomplete without it. If this sounds like you, please share your story."
"As I reflect on the moments that have shaped my journey, one encounter stands out - a gesture of kindness from Mrs. Patel, a local resident who entrusted me with a small plot of land in our city's underutilized community garden. Her selfless act not only brought me immense joy but also sparked a chain reaction of gratitude that has propelled me to become a passionate advocate for environmental sustainability and urban gardening.

At the time, I was struggling to find a platform to engage my peers in environmental issues. Mrs. Patel's offer of the plot of land was more than just a generous gift - it was a vote of confidence in my ability to inspire change. With her support, I was able to mobilize a group of young people to transform the neglected garden into a thriving oasis. As we worked together, planting seeds, harvesting crops, and learning about sustainable practices, I witnessed a sense of purpose and belonging emerge among my fellow volunteers.

Mrs. Patel's kindness had a profound impact on me, but it was her continued involvement and guidance that deepened my gratitude. She would often visit the garden, sharing her expertise and stories of her own experiences as a young gardener. Her presence reminded me that even small actions can have a significant ripple effect, inspiring others to take ownership of their community's well-being. As I saw the garden flourish, I realized that Mrs. Patel's gift had not only changed my life but also the lives of those around me.

The gratitude I feel towards Mrs. Patel has motivated me to pay it forward, creating a ripple effect of kindness and environmental stewardship in my community. Through my work, I have witnessed the transformative power of collective action, as young people from diverse backgrounds come together to address the environmental challenges facing our city. The experience has taught me the value of intergenerational collaboration, cultural exchange, and community-led initiatives.

As I prepare to take the next step in my academic journey, I carry Mrs. Patel's legacy with me. Her gift has instilled in me a sense of responsibility to continue advocating for environmental justice and empowering others to become agents of change. I am thankful for the opportunity to pursue higher education, where I can deepen my understanding of the complex relationships between human and natural systems. I am confident that the lessons I have learned from Mrs. Patel and the community garden will remain a guiding force, inspiring me to cultivate a more just, sustainable, and compassionate world.",1,groq_synthetic_ai,Reflect on something that someone has done for you that has made you happy or thankful in a surprising way. How has this gratitude affected or motivated you?
"As I stood in the midst of our community garden, surrounded by the vibrant fruits of our labor, I couldn't help but recall the moment that sparked a profound shift in my perspective. It was the day I questioned the notion that environmental sustainability was a luxury only affluent communities could afford. Growing up in a low-income neighborhood, I had witnessed firsthand the neglect and disinvestment that had ravaged our urban landscape. The prevailing narrative was that our community was too poor, too busy, and too disenfranchised to prioritize environmental concerns.

However, as I began to organize local youth around urban gardening initiatives, I encountered a surge of enthusiasm and dedication that defied this conventional wisdom. We transformed vacant lots into thriving green spaces, cultivated fresh produce, and created a sense of community pride. Yet, I was struck by the skepticism and even outright dismissal from some local leaders, who saw our efforts as ""nice, but not essential"" to the community's more pressing needs.

This dismissal prompted me to challenge my own assumptions and those of others. I delved into research, exploring the intersection of environmental justice, public health, and economic development. I discovered that the very same communities most affected by environmental degradation were also those most vulnerable to poverty, poor health outcomes, and limited access to resources. The supposed trade-off between economic growth and environmental sustainability was, in fact, a false dichotomy.

As I presented our findings and experiences to local stakeholders, I witnessed a gradual shift in perception. Community members began to recognize the inherent value of environmental sustainability, not as a luxury, but as a fundamental aspect of our collective well-being. Our urban garden became a symbol of resistance against the notion that low-income communities must choose between economic survival and environmental stewardship.

The outcome was nothing short of transformative. Our community garden became a hub for intergenerational learning, cultural exchange, and social cohesion. We established partnerships with local businesses, schools, and government agencies, leveraging our collective efforts to secure funding, resources, and policy support. As our garden flourished, so did our community's sense of agency and self-determination.

This experience taught me that questioning established beliefs and ideas is not only essential but also empowering. By challenging the status quo, I discovered that even the most marginalized communities can become catalysts for change. As I pursue higher education, I am committed to continuing this work, fostering a new generation of community leaders who recognize the inextricable link between environmental sustainability, social justice, and human flourishing.",1,groq_synthetic_ai,Reflect on a time when you questioned or challenged a belief or idea. What prompted your thinking? What was the outcome?
"As I sit in front of my computer, fingers poised over the keyboard, I am often met with a sensation of timelessness. The world outside recedes, and all that remains is the glow of the screen and the endless possibilities that lie within. I am captivated by the concept of accessible technology, particularly in the realm of mobile tools for the visually impaired. The idea that a simple application can bridge the gap between a person and the world around them, empowering them to navigate and interact with ease, is a truly mesmerizing one.

My fascination with this topic began when I witnessed a friend struggle to use a smartphone due to their visual impairment. I saw firsthand the frustration and isolation that can result from a lack of accessibility. This sparked a desire within me to create something that could change this narrative. Through self-taught programming and tireless experimentation, I developed a series of mobile tools designed to assist visually impaired individuals. From text-to-speech functionality to tactile navigation systems, each new innovation filled me with a sense of purpose and wonder.

As I delve deeper into this field, I find myself losing track of time. Hours blend together as I research, code, and test, driven by an insatiable curiosity about the potential of technology to transform lives. I am drawn to the works of pioneers in the field, such as Daniel Kish, who has developed a method of echolocation that allows him to navigate the world with remarkable precision. I also turn to online communities and forums, where I engage with other developers and visually impaired individuals, learning from their experiences and gaining valuable insights into the challenges and opportunities that lie ahead.

What captivates me most about accessible technology is its ability to transcend borders and boundaries. It is a universal language, one that can be spoken and understood by people from all walks of life. As I continue to explore and innovate in this field, I am constantly reminded of the profound impact that technology can have on human experience. When I want to learn more, I turn to a diverse range of sources, from academic journals and industry conferences to social media and online tutorials. I also seek out collaborations with other developers, designers, and experts in the field, recognizing that the most effective solutions often arise from the intersection of multiple perspectives and disciplines.

In the end, it is this boundless potential for growth, innovation, and positive change that draws me to the world of accessible technology. As I look to the future, I am excited to continue pushing the boundaries of what is possible, to create tools and solutions that can empower and inspire others. For in the words of Steve Jobs, ""The people who are crazy enough to think they can change the world are the ones who do."" I am eager to join the ranks of those who are crazy enough to believe that technology can be a powerful force for good, and I am confident that my passion, creativity, and perseverance will enable me to make a meaningful contribution to this field.",1,groq_synthetic_ai,"Describe a topic, idea, or concept you find so engaging that it makes you lose all track of time. Why does it captivate you? What or who do you turn to when you want to learn more?"
"As I reflect on my journey, I am reminded of the profound impact that bioengineering and robotics have had on my life. The fusion of biology, engineering, and innovation has not only deepened my understanding of the world but also instilled in me a sense of purpose. My passion for synthetic biology and founding a high school robotics club have been instrumental in shaping my identity and informing my aspirations.

My fascination with synthetic biology began when I stumbled upon a TED Talk by Dr. Craig Venter, who spoke about the potential of designing new biological systems to solve real-world problems. I was captivated by the idea of harnessing the power of biology to create novel solutions for pressing issues like climate change, disease, and sustainability. This spark of curiosity ignited a fire within me, and I devoted myself to learning more about the field. I spent countless hours reading research papers, attending seminars, and participating in online forums to deepen my understanding of synthetic biology.

As my knowledge and enthusiasm grew, I realized that I wanted to share this excitement with others. I founded a robotics club at my high school, where I could combine my passion for bioengineering with my love for robotics. The club provided a platform for like-minded students to come together, design, and build innovative projects that integrated biological principles with engineering concepts. Through this experience, I developed essential skills in leadership, teamwork, and problem-solving, which have been invaluable in my academic and personal pursuits.

The robotics club also allowed me to explore the intersection of biology and engineering, where I discovered the thrill of designing and building novel systems. One of our projects involved developing a robotic system that could detect and remove invasive species from aquatic ecosystems. This experience not only honed my technical skills but also taught me the importance of interdisciplinary collaboration and creative problem-solving.

My journey as a bioengineering enthusiast has been marked by moments of discovery, experimentation, and innovation. Through my experiences, I have come to realize that my true passion lies at the convergence of biology, engineering, and technology. I am excited about the prospect of pursuing a degree in bioengineering, where I can delve deeper into the world of synthetic biology and explore its vast potential. I am confident that my unique blend of technical skills, creativity, and passion for innovation will enable me to make meaningful contributions to the field and create a lasting impact. As I embark on this next chapter of my academic journey, I am eager to collaborate with like-minded individuals, push the boundaries of what is possible, and harness the power of bioengineering to create a better world.",1,groq_synthetic_ai,"Some students have a background, identity, interest, or talent that is so meaningful they believe their application would be incomplete without it. If this sounds like you, please share your story."
"As I stood at the podium, poised to deliver the opening statement for our debate team, I couldn't help but feel a sense of unease. The topic at hand was universal healthcare, and our team was assigned to argue in favor of it. But as I delved deeper into the research, I found myself grappling with the moral implications of such a system. Was it truly just to redistribute wealth from the affluent to the impoverished, or was it a form of coercion that undermined individual freedom? My team's stance seemed to contradict the principles of personal responsibility that I had always held dear.

This inner turmoil prompted me to question the very foundations of my belief system. I began to explore the works of philosophers like John Rawls and Robert Nozick, who offered competing visions of justice and morality. I devoured articles on cognitive biases and heuristics, seeking to understand how our minds can lead us astray in our judgments. The more I read, the more I realized that my initial convictions were rooted in intuition rather than rigorous reasoning.

As I challenged my own beliefs, I started to see the world in a different light. I began to appreciate the complexity of ethical dilemmas and the need for nuanced, context-dependent decision-making. My teammates and I engaged in heated discussions, debating the merits of our argument and the potential consequences of implementing universal healthcare. Through these exchanges, I developed a deeper understanding of the issues at hand and a more empathetic approach to perspectives that differed from my own.

The outcome of this introspection was a profound shift in my thinking. I no longer saw the world in binary terms, where one side was unequivocally right and the other wrong. Instead, I came to recognize that most issues exist on a spectrum, with multiple stakeholders and competing values at play. This newfound appreciation for ambiguity has stayed with me, influencing not only my approach to debate but also my personal relationships and academic pursuits.

As I prepare to embark on the next stage of my academic journey, I am excited to continue exploring the intersections of philosophy, ethics, and cognitive science. I am eager to engage with scholars and peers who share my passion for critical thinking and intellectual curiosity. Through this journey, I hope to refine my understanding of the world and develop the skills necessary to navigate its complexities with empathy, nuance, and wisdom. The experience of questioning my own beliefs has taught me that growth often lies in the uncertainties, and it is in these uncertainties that I find my greatest opportunities for discovery and growth.",1,groq_synthetic_ai,Reflect on a time when you questioned or challenged a belief or idea. What prompted your thinking? What was the outcome?
"As I reflect on the challenges I've faced, one experience that stands out is the struggle to reconcile my bilingual identity with my passion for investigative journalism. Born to immigrant parents, I grew up speaking Spanish at home and English at school, navigating two distinct worlds that often seemed mutually exclusive. When I joined my high school newspaper, I saw an opportunity to merge my love of storytelling with my desire to give voice to underrepresented communities. However, I soon encountered a daunting obstacle: the lack of Spanish-language resources and support for investigative journalism in my community.

My first major investigation, a exposé on the living conditions of migrant workers in my hometown, hit a roadblock when I realized that many of my sources spoke little to no English. I was determined to tell their stories, but I struggled to convey the nuances of their experiences in a language that was not their own. I faced a setback when my initial attempts at translation and interpretation fell short, and I worried that I was doing a disservice to the very people I sought to amplify.

This challenge forced me to confront the limitations of my own bilingualism and the importance of cultural competence in journalism. I realized that language is not just a tool for communication, but also a reflection of identity, history, and power. I learned to approach my sources with humility and to prioritize their voices above my own. I sought out additional training in Spanish-language journalism and collaborated with bilingual mentors who helped me refine my skills.

The experience taught me the value of perseverance, adaptability, and self-awareness. I came to understand that investigative journalism is not just about uncovering facts, but also about contextualizing them within the complexities of human experience. By embracing the complexities of my own bilingual identity, I gained a deeper appreciation for the diverse perspectives and stories that surround me.

This lesson has been fundamental to my later success as a journalist and as a student. I have gone on to produce award-winning investigations that highlight the struggles and triumphs of immigrant communities, and I have become a vocal advocate for greater diversity and representation in media. The obstacles I faced have not disappeared, but I have learned to approach them with a sense of purpose and a commitment to telling the stories that need to be told. As I prepare to take the next step in my academic and professional journey, I am reminded that the lessons we take from our challenges are not just about overcoming them, but about growing into the people we are meant to be.",1,groq_synthetic_ai,"The lessons we take from obstacles we encounter can be fundamental to later success. Recount a time when you faced a challenge, setback, or failure. How did it affect you, and what did you learn from the experience?"
"As I stood behind the counter of our family's grocery store, watching the familiar faces of our rural town's residents come and go, I often found myself pondering the notion that our small community was somehow lesser than the bustling cities I had only seen in pictures. Growing up, I had been told that our town's isolation and limited opportunities were inherent drawbacks, that the only path to success lay beyond our county lines. But as I worked alongside my parents, observing the intricate web of relationships and dependencies that sustained our community, I began to question this long-held belief.

The catalyst for my newfound skepticism was a conversation with Mrs. Jenkins, a widow who had lived in our town all her life. She had been a regular at our store for years, and I had always admired her resilience and kindness. One day, as she was selecting her weekly groceries, she shared with me her concerns about the proposed development of a new supermarket on the outskirts of town. She feared that the big-box store would drain the life from our community, leaving our family's business and others like it to wither away. Her words struck a chord within me, and I started to think critically about the value of our small town's way of life.

As I reflected on Mrs. Jenkins' words, I realized that our community's perceived limitations were, in fact, strengths. The close-knit relationships, the personal connections, and the sense of belonging that came with living in a small town were things to be cherished, not sacrificed for the sake of progress. I began to see that the very things that made our town unique – its rural charm, its strong sense of community – were the same things that made it thrive. I started to appreciate the beauty of our slow-paced life, the way that neighbors looked out for one another, and the pride that came with being part of a tight-knit community.

The outcome of my newfound understanding was a shift in my perspective, a recognition that success is not solely defined by the size of the city or the prestige of the institution. I came to understand that the values and lessons I learned from my family's grocery store – hard work, compassion, and community – were just as valuable as any degree or credential. This realization has given me the confidence to pursue my own path, one that balances my desire for education and personal growth with my commitment to the community that has nurtured me. As I prepare to take the next step in my journey, I am proud to be a product of this small town, and I am excited to see how the lessons I have learned will serve me well in the years to come.",1,groq_synthetic_ai,Reflect on a time when you questioned or challenged a belief or idea. What prompted your thinking? What was the outcome?
"As I reflect on my journey as a self-taught computer programmer, I am reminded of a pivotal moment when I challenged a long-held belief that technology was inaccessible to the visually impaired. Growing up, I witnessed my visually impaired friends struggle to navigate the digital world, and I assumed that this was an insurmountable barrier. However, when I began developing mobile tools, I met a talented programmer who was blind and effortlessly coded using assistive software. This encounter sparked a chain of questions in my mind: What if technology could be harnessed to empower the visually impaired? What if mobile tools could be designed to be accessible to everyone, regardless of visual ability?

My curiosity led me to delve into the world of accessibility programming, where I discovered a plethora of untapped potential. I began to experiment with developing mobile applications that utilized tactile and auditory feedback, enabling users to interact with their devices in new and innovative ways. As I worked tirelessly to bring my ideas to life, I encountered numerous challenges and setbacks. Many developers I consulted with believed that creating accessible technology was too complex, too costly, or simply not worth the effort. However, I was determined to prove them wrong.

The outcome of my endeavors was nothing short of transformative. I successfully developed a suite of mobile tools that empowered visually impaired users to navigate their surroundings, access information, and connect with others. The impact was profound: users who had previously felt isolated or marginalized by technology were now able to engage with the world in ways they never thought possible. The feedback I received from the visually impaired community was overwhelming, with many expressing gratitude for the sense of independence and confidence that my tools had given them.

This experience challenged not only my own beliefs but also the conventional wisdom that technology is inherently inaccessible to the visually impaired. It taught me the importance of questioning assumptions and pushing boundaries, even in the face of skepticism or adversity. As I prepare to pursue higher education, I am eager to continue exploring the intersection of technology and social impact, driven by a newfound understanding of the power of innovation to transform lives. My journey has shown me that even the most deeply ingrained beliefs can be challenged and changed, and I am excited to see where this mindset will take me in the future.",1,groq_synthetic_ai,Reflect on a time when you questioned or challenged a belief or idea. What prompted your thinking? What was the outcome?
"As I reflect on my journey as a self-taught computer programmer, I am reminded of the pivotal moment that sparked a period of profound personal growth and a new understanding of myself and others. It was the day I decided to develop accessible mobile tools for visually impaired peers, an endeavor that not only honed my technical skills but also broadened my perspective on the world.

Growing up, I was fascinated by the endless possibilities that technology offered. I spent countless hours teaching myself to code, driven by an insatiable curiosity and a passion for innovation. However, it wasn't until I met a visually impaired friend in high school that I realized the true potential of my skills. Witnessing the barriers she faced in her daily life, from navigating online platforms to accessing basic information, I felt an overwhelming sense of responsibility to make a difference.

I embarked on a mission to create mobile tools that would empower visually impaired individuals to interact with the world more independently. Through rigorous research, experimentation, and collaboration with the visually impaired community, I developed a suite of accessible apps that enabled users to navigate their surroundings, read digital content, and connect with others. The impact was profound – I saw firsthand how these tools transformed lives, fostering confidence, autonomy, and a sense of belonging.

This experience sparked a period of personal growth, as I gained a deeper understanding of the importance of empathy, inclusivity, and social responsibility. I realized that technology, when designed with accessibility in mind, can be a powerful catalyst for positive change. I also developed a newfound appreciation for the resilience and adaptability of visually impaired individuals, who often navigate a world not designed for them.

As I continued to work on these projects, I began to see the world through a different lens. I recognized that accessibility is not just a moral imperative, but also a fundamental aspect of human dignity. I began to appreciate the beauty of diversity and the value of inclusivity, understanding that everyone deserves equal access to opportunities, resources, and experiences.

This realization has had a lasting impact on my life, inspiring me to pursue a career in technology that prioritizes social impact and accessibility. I am eager to continue developing innovative solutions that bridge the gap between technology and humanity, fostering a more inclusive and equitable world for all. As I look to the future, I am confident that my experiences have prepared me to make a meaningful contribution, driven by a passion for technology, a commitment to social responsibility, and a deep understanding of the transformative power of empathy and inclusivity.",1,groq_synthetic_ai,"Discuss an accomplishment, event, or realization that sparked a period of personal growth and a new understanding of yourself or others."
"As I sat in my high school journalism class, poring over the latest issue of our school newspaper, I stumbled upon an article that would challenge my long-held assumptions about the role of language in shaping identity. The article, written by a classmate, argued that bilingualism was a hindrance to true cultural assimilation, implying that those who spoke multiple languages were torn between two worlds, never fully belonging to either. As the daughter of immigrant parents, I had always taken pride in my ability to navigate both English and Spanish with ease, but this article prompted me to question whether my bilingualism was indeed a source of division, rather than strength.

Growing up, I had always felt a deep connection to my Latin American heritage, but I had also been taught to value the importance of assimilating into American culture. My parents, who had sacrificed so much to bring our family to the United States, had encouraged me to learn English and adapt to our new surroundings. But as I delved deeper into the article, I began to wonder if this push for assimilation had come at the cost of my own cultural identity. Was I truly torn between two worlds, or was I simply existing in a beautiful, complex space where multiple languages and cultures intersected?

My curiosity sparked, I decided to investigate further. I conducted interviews with fellow bilingual students, asking them about their experiences with language and identity. I also researched the concept of code-switching, where individuals seamlessly switch between languages in a single conversation. What I found was that bilingualism was not a hindrance, but rather a unique advantage, allowing individuals to access multiple perspectives and cultures. My findings were published in a subsequent article, which sparked a lively debate among my peers about the value of bilingualism and the importance of preserving cultural heritage.

The outcome of my investigation was a profound shift in my thinking. I realized that my bilingualism was not a source of division, but rather a powerful tool for connection and understanding. I learned to embrace my dual identity, recognizing that my ability to navigate multiple languages and cultures was a strength, not a weakness. This experience also deepened my passion for investigative journalism, as I saw the impact that thoughtful, well-researched storytelling could have on challenging assumptions and promoting empathy. As I prepare to embark on my academic journey, I am eager to continue exploring the complexities of language, culture, and identity, using my skills as a journalist to amplify the voices of underrepresented communities and challenge the status quo.",1,groq_synthetic_ai,Reflect on a time when you questioned or challenged a belief or idea. What prompted your thinking? What was the outcome?
"As I reflect on the pivotal moments that have shaped me, one experience stands out as a catalyst for personal growth and self-discovery: founding my high school's robotics club. What began as a passion project to explore the intersection of technology and biology blossomed into a transformative journey, illuminating my strengths, weaknesses, and values.

As a sophomore, I was frustrated by the lack of opportunities to engage with STEM fields, particularly bioengineering, in my school. I envisioned a space where students could collaborate, innovate, and bring ideas to life. With the support of a few like-minded peers and a dedicated teacher, our robotics club, ""Synthetics,"" was born. We started with humble goals: building simple robots and participating in local competitions. However, our ambition soon expanded to tackling complex challenges, such as designing prosthetic limbs and developing sustainable solutions for environmental issues.

Through Synthetics, I discovered my ability to lead, communicate, and inspire others. As president, I learned to balance technical expertise with interpersonal skills, navigating conflicts, and empowering team members to take ownership of their projects. Our club's growth and successes – we won several regional competitions and presented at a national conference – were a testament to the power of collective creativity and perseverance.

One pivotal moment of realization came when we were working on a synthetic biology project, aiming to engineer microbes to produce biofuels. Our team encountered numerous setbacks, from equipment failures to disappointing experimental results. I was on the verge of frustration, wondering if our efforts were futile. However, as I looked around at my teammates, each with their unique strengths and perspectives, I recognized that our diversity was, in fact, our greatest asset. We pooled our expertise, and through a process of iterative design and testing, we finally achieved a breakthrough. This experience taught me the value of resilience, adaptability, and collaboration in the face of uncertainty.

Founding Synthetics not only deepened my passion for bioengineering and synthetic biology but also helped me develop a growth mindset, empathy, and a sense of social responsibility. I realized that the pursuit of scientific progress is inextricably linked to the well-being of individuals and communities. As I prepare to embark on my academic journey, I am excited to explore the frontiers of bioengineering, driven by a desire to harness technology to improve human lives and contribute to a more sustainable future.

The robotics club experience has been a defining chapter in my personal growth, illuminating my capacity for leadership, innovation, and teamwork. As I look to the future, I am eager to engage with a community of scholars who share my passion for bioengineering and my commitment to creating positive impact. I am confident that my experiences, combined with the academic rigor and collaborative spirit of your institution, will empower me to make a meaningful difference in the world.",1,groq_synthetic_ai,"Discuss an accomplishment, event, or realization that sparked a period of personal growth and a new understanding of yourself or others."
"As I reflect on the moments that have shaped my life, I am reminded of the selfless act of my high school computer science teacher, Mrs. Johnson. Her willingness to lend me her personal laptop and a book on Java programming sparked a chain reaction that not only introduced me to the world of coding but also led me to create mobile tools for visually impaired individuals, including my own brother. This unexpected gesture has had a profound impact on my life, fostering a sense of gratitude that has motivated me to pursue a career in computer science and make a positive difference in the lives of others.

Mrs. Johnson's act of kindness was surprising, as I had never shown particular interest in computer science before. However, her trust in me and the resources she provided ignited a passion that I never knew I had. I spent countless hours teaching myself to code, and soon, I was creating simple programs and apps. As I delved deeper into the world of programming, I began to realize the potential it had to improve the lives of others. My brother, who has been visually impaired since birth, was the first to benefit from my newfound skills. I created a mobile app that converted text to speech, allowing him to access information and communicate more easily.

The joy and gratitude that my brother expressed when using the app were overwhelming. Seeing him navigate the world with greater independence and confidence was a truly humbling experience. This moment of gratitude not only motivated me to continue developing accessible technologies but also made me realize the impact that one person can have on another's life. Mrs. Johnson's initial act of kindness had created a ripple effect, inspiring me to pay it forward and make a positive difference in the lives of others.

As I prepare to pursue higher education, I am reminded of the power of gratitude and the importance of using my skills to make a positive impact. My experiences have taught me that even the smallest acts of kindness can have a profound effect on someone's life. I am eager to continue developing innovative solutions that can improve the lives of visually impaired individuals and contribute to the creation of a more inclusive and accessible world. Mrs. Johnson's selfless act has not only changed my life but has also inspired me to become a catalyst for change, using my skills to make a lasting impact on the world.",1,groq_synthetic_ai,Reflect on something that someone has done for you that has made you happy or thankful in a surprising way. How has this gratitude affected or motivated you?
"As I sat at the piano, fingers poised over the keys, I felt the familiar rush of adrenaline that preceded every performance. But this time was different. This time, I was not just playing a piece of music – I was unveiling a creation that was both deeply personal and algorithmically generated. The intersection of art and technology had long fascinated me, and I had spent countless hours exploring the possibilities of algorithmic composition. But it wasn't until I premiered my first piece, ""Echoes in Code,"" that I experienced a profound realization: the true power of music lies not in its technical precision, but in its emotional resonance.

The piece was a culmination of my dual passions for music and programming. I had written an algorithm that generated a unique melody based on the emotional contours of a given text. For ""Echoes in Code,"" I had chosen a poem that spoke to the human experience of loss and longing. As I performed the piece, I watched the audience's reaction transform from curiosity to deep connection. They were not just listening to a technically impressive composition – they were feeling the emotional depth of the music.

This experience sparked a period of personal growth, as I began to understand the intricate relationship between creativity, technology, and human emotion. I realized that my true passion was not just in writing code or playing the piano, but in crafting experiences that touched the hearts of others. I started to explore the potential of algorithmic composition to create music that was not only innovative but also emotionally resonant.

Through this journey, I gained a new understanding of myself and others. I saw that the boundaries between art and technology were not mutually exclusive, but rather complementary aspects of human expression. I also learned that the most powerful creations are those that balance technical skill with emotional authenticity. As I continue to compose and perform, I am driven by a deeper purpose: to harness the intersection of art and technology to create music that inspires, heals, and connects people on a profound level.

The premiere of ""Echoes in Code"" was a turning point in my life, marking the beginning of a new chapter in my artistic and personal journey. It taught me that growth and self-discovery often arise from the intersection of seemingly disparate passions and interests. As I look to the future, I am excited to explore the vast possibilities at the nexus of music, technology, and human emotion, and to create works that inspire and uplift others.",1,groq_synthetic_ai,"Discuss an accomplishment, event, or realization that sparked a period of personal growth and a new understanding of yourself or others."
"As I restock shelves and ring up purchases at my family's rural grocery store, my mind often wanders to the intricacies of economics and how they impact our small community. The concept of supply and demand, in particular, fascinates me. I find myself completely absorbed in understanding how the principles of microeconomics influence the way we run our business, from determining the optimal price point for a gallon of milk to predicting the demand for fresh produce during the summer months. Hours pass, and I'm unaware of the time, as I ponder the delicate balance between meeting customer needs and maintaining profitability.

Growing up in a rural town, I've witnessed firsthand the challenges faced by small businesses like ours. The closure of nearby factories and the decline of local industries have led to a dwindling population and reduced customer base. Yet, our grocery store remains a staple, a testament to the resilience of our community. I'm captivated by the idea of using economic principles to drive growth and revitalization in our town. I devour books and online resources on entrepreneurship, innovation, and community development, seeking insights into how we can adapt and thrive in a rapidly changing economy.

When I want to learn more, I turn to my father, who has run the store for over two decades. His practical experience and intuitive understanding of the local market are invaluable resources. I also seek out online forums and podcasts, where I engage with entrepreneurs and economists from diverse backgrounds, gaining a broader perspective on the challenges and opportunities facing small businesses like ours. The works of economists like Joseph Schumpeter and Amartya Sen inspire me, as they highlight the importance of innovation, social welfare, and institutional reform in driving economic growth.

As I prepare to leave my rural town and pursue higher education, I'm excited to delve deeper into the world of economics and explore its applications in real-world settings. I'm eager to learn from esteemed faculty, collaborate with peers from diverse backgrounds, and contribute my unique perspective as a first-generation college student from a rural community. Through my studies, I aim to develop a nuanced understanding of the complex relationships between economic systems, social structures, and community development. Ultimately, I hope to return to my hometown, armed with knowledge and expertise, to help revitalize our local economy and create opportunities for future generations. The concept of supply and demand may have started as a simple idea, but it has become a gateway to a broader exploration of the intricacies of human society and the limitless potential for growth and innovation.",1,groq_synthetic_ai,"Describe a topic, idea, or concept you find so engaging that it makes you lose all track of time. Why does it captivate you? What or who do you turn to when you want to learn more?"
"The Art of Persuasion: A Journey of Discovery at the Intersection of Philosophy, Ethics, and Cognitive Science

As I stood at the podium, poised to deliver the final rebuttal in the championship debate, I felt an overwhelming sense of clarity. The months of research, the countless hours of practice, and the unwavering dedication to my team had all culminated in this moment. But as I gazed out at the audience, I realized that the true power of debate lay not in the art of persuasion, but in the pursuit of understanding. This epiphany sparked a fascination with the intricate web of philosophy, ethics, and cognitive science that underlies human discourse.

My journey as a debate captain has been a thrilling exploration of the human experience. I have delved into the works of philosophers like Plato and Aristotle, grappling with the fundamental questions of existence, knowledge, and reality. The concepts of ethics, in particular, have resonated deeply with me, as I have sought to navigate the complexities of moral decision-making and the implications of our choices. The teachings of Immanuel Kant, with his emphasis on the categorical imperative, have been especially influential in shaping my perspective on the importance of universal moral principles.

Meanwhile, my interest in cognitive science has led me to investigate the neural mechanisms that underlie human perception, attention, and decision-making. I have been fascinated by the insights of researchers like Daniel Kahneman, who have shed light on the biases and heuristics that influence our thinking. This knowledge has not only honed my debating skills but also deepened my understanding of the intricate dance between reason and emotion that characterizes human interaction.

As I reflect on my experiences, I am struck by the profound interconnectedness of philosophy, ethics, and cognitive science. Debating has become a catalyst for self-discovery, allowing me to probe the depths of my own beliefs and values. Through this process, I have come to appreciate the importance of intellectual humility, recognizing that knowledge is a dynamic and ever-evolving entity. I have learned to approach complex issues with a nuanced and empathetic perspective, acknowledging the diversity of human experiences and the multiplicity of viewpoints that exist.

As I prepare to embark on the next chapter of my academic journey, I am excited to explore the rich intersections of philosophy, ethics, and cognitive science. I am eager to engage with scholars and peers who share my passion for critical thinking, moral inquiry, and intellectual curiosity. Through this pursuit, I aim to cultivate a deeper understanding of the human condition, one that will enable me to make a meaningful contribution to the world. The art of persuasion, I have come to realize, is not merely a skill to be mastered, but a gateway to a lifelong journey of discovery, growth, and wisdom.",1,groq_synthetic_ai,"Share an essay on any topic of your choice. It can be one you've already written, one that responds to a different prompt, or one of your own design."
"As I sat in my high school journalism class, listening to the cacophony of languages and dialects that filled the room, I felt an overwhelming sense of belonging. It was a feeling that had eluded me since my family's migration to the United States from Mexico when I was eight years old. Growing up between two cultures, I often found myself navigating the complexities of bilingualism and cultural identity. However, it was my passion for investigative journalism that ultimately sparked a period of personal growth and a new understanding of myself and others.

My journey as a journalist began with a simple yet profound realization: the power of storytelling. I had always been fascinated by the way a well-crafted narrative could transport readers to new worlds, evoke emotions, and challenge perspectives. As I delved deeper into the world of journalism, I discovered that it was not only a means of expression but also a tool for social change. I began to write about the issues that affected my community, from immigration reform to social justice. Through my writing, I found a voice that transcended languages and cultures.

One particular investigation that sparked significant growth was a story I worked on about the struggles of immigrant students in my school district. I spent countless hours interviewing students, teachers, and administrators, and what I uncovered was both shocking and enlightening. Many of these students faced insurmountable barriers, from language barriers to lack of resources, that hindered their ability to succeed. As I wrote their stories, I saw reflections of my own struggles and those of my family. I realized that my experiences were not unique, but rather part of a larger narrative that needed to be told.

This project marked a turning point in my personal growth. It forced me to confront my own biases and assumptions, and to consider the complexities of cultural identity. I began to see that my bilingualism was not a limitation, but a strength that allowed me to navigate multiple worlds and perspectives. I also developed a deeper empathy for others, recognizing that everyone has a story worth telling and a struggle worth acknowledging.

Through this experience, I gained a new understanding of myself and my place in the world. I realized that my passion for journalism was not just about telling stories, but about amplifying the voices of those who are often marginalized or overlooked. As I prepare to embark on the next chapter of my academic journey, I am excited to continue exploring the intersection of culture, identity, and journalism. I am confident that my unique perspective and experiences will enable me to make meaningful contributions to the world of journalism and beyond.",1,groq_synthetic_ai,"Discuss an accomplishment, event, or realization that sparked a period of personal growth and a new understanding of yourself or others."
"As I sat at the piano, fingers poised over the keys, I felt an overwhelming sense of frustration. I had spent months working on an algorithmic composition, pouring over lines of code and musical theory, but the end result felt hollow. The notes sounded calculated, lacking the emotional depth I had hoped to convey. It was then that I realized the true challenge of merging music and machine: how to infuse the precision of code with the imperfection of human emotion.

This epiphany sparked a period of personal growth, as I delved deeper into the intersection of algorithmic composition and human feeling. I began to experiment with new approaches, incorporating elements of chance and unpredictability into my code. I drew inspiration from the works of composers like Xenakis and Cage, who had also explored the relationship between music and mathematics. As I worked, I started to see the world in a new light – the intricate patterns of nature, the complexity of human relationships, and the beauty of imperfection.

Through this process, I gained a new understanding of myself and my creative vision. I realized that my passion for music and programming was not about creating perfect, polished pieces, but about capturing the essence of the human experience. I began to appreciate the value of imperfection, the way a slight deviation from the expected could evoke a powerful emotional response. My music, once sterile and calculated, now pulsed with a sense of life and vulnerability.

This newfound understanding also extended to my relationships with others. I started to see the people around me as complex, dynamic systems – full of contradictions and unexpected beauty. I became more empathetic, more willing to listen and learn from others, and more open to collaboration and feedback. My experiences as a classical pianist and programmer had taught me the importance of precision and attention to detail, but it was the intersection of these two passions that revealed the true power of imperfection and human connection.

As I look to the future, I am excited to continue exploring the intersection of algorithmic composition and human emotion. I am eager to push the boundaries of what is possible, to create music that is both technically sophisticated and emotionally resonant. I am confident that this journey will lead me to new discoveries, new challenges, and a deeper understanding of myself and the world around me. The spark of frustration that ignited this period of growth has become a beacon, guiding me toward a future where music, code, and human emotion blend together in perfect harmony.",1,groq_synthetic_ai,"Discuss an accomplishment, event, or realization that sparked a period of personal growth and a new understanding of yourself or others."
"As I stood at the podium, poised to deliver the final rebuttal in the championship debate, my mind went blank. The words that had flowed effortlessly in practice now seemed to vanish into thin air. My team's hopes of victory rested on my ability to articulate a coherent argument, but my brain had other plans. I stuttered, stumbled, and ultimately failed to convince the judges. The taste of defeat was bitter, but it was also a catalyst for growth.

In the aftermath of that painful loss, I grappled with feelings of inadequacy and self-doubt. However, as I reflected on the experience, I began to realize that my failure was not a reflection of my abilities, but rather an opportunity to re-examine my approach. I had been so focused on winning that I had neglected to consider the nuances of my opponents' arguments. This oversight had led to my downfall, but it also taught me the importance of empathy and critical thinking in debate.

As I delved deeper into the world of philosophy, ethics, and cognitive science, I discovered that this experience was not an isolated incident, but rather a manifestation of a broader cognitive bias. The concept of ""loss aversion"" in behavioral economics, which suggests that the pain of loss outweighs the pleasure of gain, resonated deeply with me. I realized that my fear of failure had led me to prioritize winning over learning, and that this mindset had ultimately hindered my performance.

This epiphany sparked a paradigm shift in my approach to debate and, more broadly, to life. I began to view challenges as opportunities for growth, rather than threats to my ego. I learned to embrace uncertainty, to question my assumptions, and to engage with opposing viewpoints. My newfound appreciation for the complexities of human thought and behavior has not only improved my debate skills but has also broadened my perspective on the world.

Through this experience, I have come to understand that failure is not the opposite of success, but rather a stepping stone to it. The lessons I learned from that fateful debate have stayed with me, and I continue to draw upon them as I navigate the complexities of philosophy, ethics, and cognitive science. As I prepare to embark on the next chapter of my academic journey, I am reminded that the greatest obstacles often lie within, and that it is through confronting and overcoming these internal challenges that we may discover our greatest triumphs.",1,groq_synthetic_ai,"The lessons we take from obstacles we encounter can be fundamental to later success. Recount a time when you faced a challenge, setback, or failure. How did it affect you, and what did you learn from the experience?"
"As I sit in front of my computer, fingers flying across the keyboard, I am reminded of the journey that has brought me to this moment. Growing up, I was fascinated by the endless possibilities that technology offered. However, it wasn't until I met my friend, Rachel, who is visually impaired, that I realized the true power of innovation. She struggled to navigate everyday tasks, from checking her phone to accessing online resources, due to the lack of accessible tools. This encounter sparked a passion within me to create technology that could bridge the gap between ability and disability.

I spent countless hours teaching myself to code, pouring over online tutorials and seeking guidance from online forums. The more I learned, the more I became aware of the vast array of challenges that visually impaired individuals face in their daily lives. I decided to focus my skills on developing mobile tools that could assist them in navigating the world with greater ease. My first project, an accessibility-focused navigation app, allowed users to receive audible directions and detect obstacles through haptic feedback. The sense of fulfillment I felt when Rachel used the app to independently navigate her neighborhood was indescribable.

As I continued to develop and refine my tools, I began to realize the profound impact that accessible technology could have on the lives of visually impaired individuals. I collaborated with organizations that support the visually impaired, gathering feedback and iterating on my designs. The more I learned about the community, the more I understood the importance of inclusivity and empathy in technology design. My experiences have not only deepened my passion for computer programming but also instilled in me a sense of social responsibility.

Through my journey, I have come to appreciate the intersection of technology and humanity. I believe that innovation should be a force for good, used to break down barriers and create opportunities for all. As I prepare to pursue higher education, I am excited to expand my skills and knowledge, exploring the latest advancements in accessible technology. I envision a future where technology is designed with inclusivity in mind, where every individual, regardless of ability, can participate fully in the digital world. My goal is to continue developing innovative solutions that empower visually impaired individuals, fostering a more equitable and accessible society for all.",1,groq_synthetic_ai,"Share an essay on any topic of your choice. It can be one you've already written, one that responds to a different prompt, or one of your own design."
"As I sat at the piano, fingers poised over the keys, I couldn't shake the feeling that something was missing. I had spent years mastering the classical repertoire, pouring my heart and soul into the works of Chopin, Debussy, and Bach. But as I delved deeper into the world of music, I began to wonder: can algorithmic composition truly capture the essence of human emotion? I had always believed that the beauty of music lay in its unpredictability, its ability to evoke feelings that words alone cannot express. The idea that a machine could replicate this seemed almost sacrilegious.

My skepticism was prompted by a project I undertook in my programming class, where I was tasked with creating a simple algorithmic composition tool. As I worked on the project, I found myself torn between the thrill of exploring new sonic landscapes and the doubt that a machine could ever truly understand the nuances of human emotion. I spent countless hours researching, experimenting, and testing, determined to prove to myself that algorithmic composition was nothing more than a pale imitation of the real thing.

But as I delved deeper into the world of code and sound, something unexpected happened. I began to see the beauty in the patterns and structures that underlay the music. I realized that the algorithms I was creating were not just generating notes, but were actually reflecting the underlying mathematics of the music itself. The outcome was a profound shift in my thinking: I no longer saw algorithmic composition as a threat to human creativity, but rather as a tool to augment and enhance it.

My exploration of algorithmic composition challenged my long-held belief that music was solely the domain of human intuition. I came to understand that the intersection of code and sound was not a binary opposition, but rather a rich and fertile ground for innovation. The outcome was a newfound appreciation for the symbiosis between human and machine, and a deeper understanding of the ways in which technology can be used to amplify and expand our creative potential.

As I look to the future, I am excited to continue exploring the frontiers of algorithmic composition and human emotion. I believe that the intersection of music, code, and creativity holds vast untapped potential, and I am eager to contribute to this evolving field. Through my academic and artistic pursuits, I aim to push the boundaries of what is possible, and to create music that is not only beautiful, but also thought-provoking and innovative.",1,groq_synthetic_ai,Reflect on a time when you questioned or challenged a belief or idea. What prompted your thinking? What was the outcome?
"As I stood amidst the vibrant murals and lush greenery of our community garden, I couldn't help but feel a sense of pride and purpose. For months, I had worked tirelessly to mobilize the youth in my city around environmental sustainability and urban gardening. We had transformed a once-abandoned lot into a thriving oasis, where local kids could learn about the importance of green spaces and healthy eating. But it was during a heated discussion with a group of city officials that I found myself questioning a long-held belief: that community-led initiatives were enough to drive systemic change.

The officials had proposed a plan to privatize several community gardens, citing the need for increased efficiency and funding. I was taken aback by their suggestion, having witnessed firsthand the positive impact that our garden had on the community. But as I listened to their arguments, I began to wonder if my assumption that community-led initiatives were the only way forward was misguided. Perhaps, I thought, partnering with the city and private organizations could provide the resources and expertise needed to scale our efforts and create lasting change.

This prompted me to delve deeper into the complexities of community development and the role of public-private partnerships. I devoured research on successful collaborations between community groups and local governments, and spoke with experts in the field. What I discovered challenged my initial stance: that a hybrid approach, one that balanced community autonomy with strategic partnerships, could be a powerful catalyst for transformation.

The outcome of this newfound understanding was a shift in my approach to community organizing. I began to seek out opportunities for collaboration with local stakeholders, while still maintaining the core values of community-led decision-making. Our garden became a model for this hybrid approach, with the city providing resources and support, and our community driving the vision and implementation. The results were astounding: we expanded our reach, increased our impact, and created a sustainable framework for future growth.

This experience taught me the importance of questioning my own beliefs and being open to new ideas. By challenging my assumptions, I was able to evolve as a community organizer and develop a more nuanced understanding of the complex issues we face. As I prepare to take the next step in my academic and professional journey, I am excited to apply this lesson to new contexts and challenges. I am confident that my ability to critically examine my own thinking, combined with my passion for community-driven change, will enable me to make a meaningful contribution to the world.",1,groq_synthetic_ai,Reflect on a time when you questioned or challenged a belief or idea. What prompted your thinking? What was the outcome?
"As I reflect on the moments that have shaped my journey, one encounter stands out - a chance meeting with a visually impaired friend, Alex, who introduced me to the world of accessibility in technology. What began as a casual conversation about the limitations of mobile devices for the visually impaired sparked a passion within me to create change. Alex's enthusiasm and resilience in the face of adversity inspired me to take on the challenge of developing accessible mobile tools.

As I delved deeper into the world of coding, I realized the profound impact that technology could have on Alex's life and the lives of others like him. I spent countless hours researching, designing, and testing mobile applications that could assist visually impaired individuals in their daily lives. The journey was not without its obstacles, but Alex's encouragement and feedback fueled my determination. Seeing the smile on his face when he used my first prototype, a simple yet effective screen reader, was a moment of pure joy. It was then that I understood the true power of gratitude and its ability to motivate me.

The experience of creating something that brought happiness to Alex had a profound effect on me. It not only deepened our friendship but also instilled in me a sense of purpose. I realized that my skills as a self-taught programmer could be used to make a tangible difference in the lives of others. This realization sparked a chain reaction of events, as I began to develop more complex tools, such as navigation aids and accessible games. With each new creation, I witnessed the positive impact it had on Alex and others, further solidifying my commitment to this cause.

The gratitude I feel towards Alex for introducing me to this world is immeasurable. His trust in my abilities and his eagerness to provide feedback have been instrumental in shaping my journey as a programmer. His influence has not only motivated me to continue developing accessible technologies but also inspired me to pursue a career in computer science, with a focus on human-computer interaction and accessibility. I am now driven to create innovative solutions that can bridge the gap between technology and the visually impaired community, ensuring that everyone has equal access to the benefits of technology.

As I look to the future, I am excited to join a community of like-minded individuals who share my passion for using technology to drive positive change. I am confident that the skills and knowledge I acquire will enable me to make a meaningful contribution to the field of computer science and have a lasting impact on the lives of others. Alex's influence has shown me that even the smallest act of kindness can have a profound ripple effect, and I am committed to paying it forward, using my skills to create a more inclusive and accessible world for all.",1,groq_synthetic_ai,Reflect on something that someone has done for you that has made you happy or thankful in a surprising way. How has this gratitude affected or motivated you?
"As I reflect on my life, I am reminded of the worn wooden counter at my family's grocery store, where I've spent countless hours helping customers and learning the value of hard work. Growing up in a rural town, our store was more than just a business – it was a hub of community, a gathering place where neighbors became like family. As a first-generation college applicant, my experiences behind the counter have not only shaped my identity but also instilled in me a passion for serving others and a determination to succeed.

Every morning, I'd wake up before dawn to help my parents restock shelves and prepare for the day's customers. I saw firsthand the impact our store had on people's lives – the single mother who relied on us for groceries, the elderly couple who'd stop by for coffee and conversation. These interactions taught me the importance of empathy, kindness, and understanding. As I grew older, my responsibilities expanded, and I began to manage the store's finances, inventory, and employee schedules. I learned to balance budgets, negotiate with suppliers, and resolve conflicts – skills that will serve me well in my academic and professional pursuits.

But our store was more than just a business; it was a symbol of my family's resilience and perseverance. My parents, immigrants who worked tirelessly to build a better life for themselves and our community, inspired me with their dedication and selflessness. Their story is one of sacrifice and hope, and it has motivated me to pursue higher education and create a brighter future for myself and those around me.

As I prepare to leave the familiarity of my hometown and embark on a new chapter, I am reminded of the lessons I've learned from our store: the value of community, the importance of hard work, and the power of compassion. I am eager to bring these qualities to a college campus, where I can engage with diverse perspectives, explore my passions, and develop into a leader who can make a positive impact.

My story is one of humble beginnings, but it is also one of hope, determination, and a commitment to serving others. As I look to the future, I am excited to leverage my experiences, skills, and passion to make a meaningful difference in the world. I am proud to be a first-generation college applicant, and I am confident that my unique background, identity, and talents will enable me to contribute to and thrive in a collegiate community.",1,groq_synthetic_ai,"Some students have a background, identity, interest, or talent that is so meaningful they believe their application would be incomplete without it. If this sounds like you, please share your story."
"As I walk through the once-abandoned lots in my city, now teeming with vibrant gardens and lush greenery, I am reminded of the transformative power of collective action. For the past three years, I have had the privilege of mobilizing youth around environmental sustainability and urban gardening, witnessing firsthand the impact that dedicated individuals can have on their communities. This journey has not only deepened my passion for environmental justice but also taught me invaluable lessons about leadership, resilience, and the boundless potential of grassroots organizing.

My involvement in urban gardening began with a simple yet profound realization: that the health of our planet is inextricably linked to the health of our communities. I saw how systemic neglect and disinvestment had ravaged neighborhoods, leaving behind vacant lots and a sense of hopelessness. But I also saw an opportunity. By engaging youth in the process of transforming these spaces into thriving gardens, I believed we could not only beautify our city but also foster a sense of ownership, pride, and environmental stewardship.

Through my organization, Green Futures, we have established over a dozen community gardens, providing a platform for young people to take charge of their environment and develop essential skills in sustainability, advocacy, and community engagement. I have witnessed shy and introverted teenagers blossom into confident leaders, using their newfound knowledge to educate peers and family members about the importance of recycling, composting, and reducing waste. I have seen students from different backgrounds and socioeconomic statuses come together, united by a shared vision of a more just and sustainable future.

This experience has taught me that true leadership is not about individual achievement, but about empowering others to become agents of change. It has shown me that even in the face of seemingly insurmountable challenges, collective action can lead to remarkable breakthroughs. As I prepare to pursue higher education, I am eager to expand my knowledge of environmental policy, social justice, and community development, equipping myself with the tools and expertise necessary to amplify the impact of our work.

My journey as a community organizer has been marked by triumphs and setbacks, but through it all, I have remained steadfast in my commitment to creating a more sustainable, equitable, and just world. As I look to the future, I am excited to join a community of scholars and change-makers who share my passion for environmental sustainability and social justice. Together, I am confident that we can cultivate a brighter, more resilient future – one garden, one neighborhood, and one community at a time.",1,groq_synthetic_ai,"Share an essay on any topic of your choice. It can be one you've already written, one that responds to a different prompt, or one of your own design."
"As I reflect on my journey, I am reminded of the vibrant community garden that has become a staple of our city's landscape. What began as a desolate, neglected lot has transformed into a thriving oasis, symbolic of the power of collective action and the resilience of our community. My role as a community organizer has not only deepened my passion for environmental sustainability but also taught me the value of empowering others to become agents of change.

Growing up in a city plagued by pollution and neglect, I witnessed firsthand the devastating impact of human activity on our planet. However, it was not until I stumbled upon a small urban gardening initiative that I discovered my calling. The simple act of planting seeds and nurturing life in the midst of concrete and steel sparked a sense of purpose within me. I realized that even in the most unlikely of places, beauty and sustainability could flourish.

As I delved deeper into the world of environmental activism, I became increasingly aware of the disproportionate impact of environmental degradation on marginalized communities. It was clear that the fight for sustainability was not only a moral imperative but also a matter of social justice. This understanding fueled my determination to mobilize my peers and create a movement that would amplify the voices of those most affected.

Through tireless outreach and community engagement, our group, ""Green Futures,"" has grown into a robust network of young people committed to creating a more sustainable and equitable world. Together, we have established community gardens, organized environmental workshops, and advocated for policy changes that prioritize the health and well-being of our community. The transformation has been remarkable, with once-disengaged youth now leading the charge and inspiring their peers to join the movement.

My experiences as a community organizer have taught me the importance of collaboration, perseverance, and creative problem-solving. I have come to understand that meaningful change is often the result of incremental, grassroots efforts, rather than grand, sweeping gestures. As I prepare to take the next step in my academic and professional journey, I am eager to apply the lessons I have learned to a broader context, leveraging my skills and passion to drive positive impact on a larger scale.

The community garden, now a beacon of hope and resilience, serves as a constant reminder of the potential that lies within us to create a better world. As I look to the future, I am excited to cultivate a new generation of leaders, empowered to address the complex challenges of our time and to forge a more sustainable, just, and thriving world for all.",1,groq_synthetic_ai,"Share an essay on any topic of your choice. It can be one you've already written, one that responds to a different prompt, or one of your own design."
"As I stood at the podium, gazing out at my opponents in the national debate tournament, I felt an unshakeable sense of confidence. Our topic was the ethics of artificial intelligence, and I had spent months researching and refining my arguments. But it was not the thrill of competition that sparked a period of profound personal growth; rather, it was the humbling realization that followed our team's narrow defeat.

In the aftermath of the tournament, I found myself grappling with the notion that my unwavering conviction in my own arguments had blinded me to the perspectives of others. I had been so focused on winning that I had neglected the value of empathy and understanding in the pursuit of knowledge. This realization struck a chord, and I began to see that my passion for debate was not merely about persuading others, but about engaging in a deeper exploration of human thought and experience.

As I delved into the works of philosophers like Kant and Nietzsche, I started to appreciate the complexities of ethical decision-making and the nuances of human cognition. I became fascinated by the concept of cognitive biases and the ways in which our minds can deceive us. This newfound understanding sparked a period of intense self-reflection, as I began to examine my own biases and assumptions.

Through this journey of self-discovery, I gained a deeper appreciation for the diversity of human experience and the importance of considering multiple perspectives. I realized that personal growth is not about being right, but about being open to the possibilities of being wrong. I learned to approach debates not as adversarial battles, but as collaborative explorations of ideas, where the goal is not to vanquish opponents, but to gain a richer understanding of the world.

This transformation has had a profound impact on my relationships with others. I now engage in conversations with a sense of humility and curiosity, seeking to understand the underlying values and beliefs that shape people's opinions. I have come to see that the pursuit of knowledge is not a solitary endeavor, but a collective one, where the exchange of ideas and perspectives is essential to personal growth and understanding.

As I prepare to embark on the next stage of my academic journey, I am excited to continue exploring the intersections of philosophy, ethics, and cognitive science. I am confident that this journey will be marked by moments of uncertainty and doubt, but I am also eager to embrace these challenges as opportunities for growth and self-discovery. For I have come to realize that the greatest accomplishment is not winning an argument, but cultivating a deeper understanding of oneself and others.",1,groq_synthetic_ai,"Discuss an accomplishment, event, or realization that sparked a period of personal growth and a new understanding of yourself or others."
"As I sat in my high school journalism class, struggling to craft a compelling narrative in a language that wasn't my first, I felt the weight of my immigrant experience bearing down on me. My parents, having left behind the familiarity of our native Mexico, had entrusted me with the responsibility of navigating a new cultural landscape. But as I grappled with the nuances of English, I began to doubt my ability to tell the stories that mattered most to me.

The challenge was daunting: to produce an investigative piece on a local social issue, using only English sources and interviews. My mind, accustomed to the melodic rhythm of Spanish, stumbled over the complexities of English syntax and vocabulary. I spent countless hours poring over dictionaries, thesauruses, and grammar guides, yet my writing still felt stilted, lacking the expressive flair that came so naturally to my native tongue.

The setback was crushing when my first draft was met with criticism from my teacher. The words ""awkward phrasing"" and ""unclear structure"" seared themselves into my memory, fueling a deep-seated fear that I would never master the language of my adopted country. But as I reflected on the experience, I realized that my bilingualism was not a liability, but a unique asset. I could bring a distinct perspective to my storytelling, one that blended the passion and expressiveness of Spanish with the precision and clarity of English.

I learned to lean into my cultural identity, embracing the richness of my heritage and the value of my linguistic duality. I began to seek out stories that explored the intersections of language, culture, and social justice, using my bilingualism to amplify the voices of marginalized communities. Through this process, I discovered a sense of purpose and belonging, as I used my writing to bridge the gaps between different worlds and to shed light on the complexities of the human experience.

The lessons I took from this experience have been fundamental to my later success. I learned to approach challenges with resilience and creativity, to view setbacks as opportunities for growth, and to harness the power of my unique perspective to tell stories that matter. As I prepare to embark on the next chapter of my academic journey, I am confident that my experiences as a bilingual immigrant have equipped me with the skills, the passion, and the determination to make a meaningful impact in the world of investigative journalism.",1,groq_synthetic_ai,"The lessons we take from obstacles we encounter can be fundamental to later success. Recount a time when you faced a challenge, setback, or failure. How did it affect you, and what did you learn from the experience?"
"As I sit at my desk, surrounded by stacks of newspapers and scribbled notes, I often find myself lost in the world of investigative journalism. The thrill of the hunt for truth, the pursuit of justice, and the power of storytelling captivate me, making hours feel like minutes. My love for journalism is deeply personal, rooted in my experiences as an immigrant navigating bilingualism and cultural identity.

Growing up in a Spanish-speaking household, I struggled to reconcile my heritage with my newfound American surroundings. But as I began to learn English, I discovered the world of journalism, where language was not a barrier, but a tool for connection and understanding. I devoured news articles, fascinated by the way words could paint vivid pictures of far-off lands and forgotten communities. I turned to journalists like Sarah Kendzior, who used their platforms to amplify marginalized voices, and to authors like Isabel Allende, who wove together narratives of love, loss, and resilience.

As I delved deeper into the world of journalism, I became particularly drawn to investigative reporting. The meticulous research, the dogged pursuit of sources, and the careful crafting of narratives all resonated with me. I spent hours poring over documentaries like ""Spotlight"" and ""The Panama Papers,"" marveling at the way journalists could uncover hidden truths and bring about real change. I began to see journalism not just as a profession, but as a calling – a way to give voice to the voiceless and to hold those in power accountable.

When I want to learn more, I turn to my mentor, a veteran journalist who has taken me under her wing. She teaches me the art of interviewing, the importance of fact-checking, and the value of persistence. I also seek out online resources like the Investigative Reporters and Editors (IRE) website, which offers webinars, tutorials, and workshops on everything from data analysis to storytelling techniques. And, of course, I read widely, devouring books on journalism, history, and culture, from authors like Glenn Greenwald to Ta-Nehisi Coates.

My love for investigative journalism is not just about the thrill of the chase; it's about the impact that storytelling can have on people's lives. It's about shedding light on injustices, challenging dominant narratives, and giving voice to those who have been silenced. As I prepare to embark on my academic journey, I know that I will continue to be captivated by the world of journalism, and I am excited to see where this passion takes me. Whether I'm reporting on local issues, investigating national scandals, or simply telling the stories of those around me, I know that I will always be driven by a desire to uncover the truth and to share it with the world.",1,groq_synthetic_ai,"Describe a topic, idea, or concept you find so engaging that it makes you lose all track of time. Why does it captivate you? What or who do you turn to when you want to learn more?"
"As I reflect on my journey, I am reminded of the pivotal moment when my passion for bioengineering and robotics converged, sparking a period of profound personal growth and a deeper understanding of myself and others. It was the day I founded my high school's robotics club, an endeavor that not only ignited a sense of purpose within me but also fostered a community of like-minded individuals who shared my enthusiasm for innovation.

Through the robotics club, I discovered the thrill of bridging the gap between theoretical concepts and practical applications. As we designed and built robots, I began to appreciate the intricacies of synthetic biology, where living systems and engineering principles intersect. This fascination led me to explore the vast potential of bioengineering, from developing novel therapeutics to creating sustainable solutions for environmental challenges. The more I delved into this field, the more I realized that bioengineering was not just a discipline, but a powerful tool for driving positive change.

However, it was not until we embarked on a project to create a robotic system for monitoring water quality that I experienced a transformative realization. As we worked tirelessly to bring our idea to life, I witnessed the impact that our collective efforts could have on the community. Local environmental organizations took notice of our work, and we were invited to present our project at a regional conference. The experience was exhilarating, but it also made me aware of the responsibility that came with our newfound platform.

This realization sparked a period of personal growth, as I began to understand the value of collaboration, perseverance, and effective communication. I learned to balance my technical expertise with the ability to inspire and motivate others, recognizing that the success of our project was not solely dependent on my individual skills, but on the collective efforts of our team. Moreover, I gained a deeper appreciation for the diverse perspectives and strengths that each member brought to the table, fostering a sense of empathy and inclusivity that I had not previously considered.

Through this journey, I have come to understand that my passion for bioengineering and robotics is not merely a personal interest, but a catalyst for driving positive change and empowering others. As I prepare to embark on the next chapter of my academic and professional journey, I am eager to continue exploring the vast possibilities at the intersection of engineering, biology, and community engagement. I am confident that my experiences have equipped me with the skills, resilience, and determination necessary to make a meaningful impact, and I look forward to being part of a community that shares my passion for innovation and my commitment to creating a better world.",1,groq_synthetic_ai,"Discuss an accomplishment, event, or realization that sparked a period of personal growth and a new understanding of yourself or others."
"As I stood at the podium, poised to deliver the final rebuttal in the state debate championship, my mind went blank. The meticulous research, the hours of practice, and the unwavering confidence that had defined my debate career thus far seemed to evaporate in an instant. I stumbled over my words, and my team's chances of victory slipped away. The crushing defeat that followed was a harsh awakening, one that forced me to confront the limitations of my own knowledge and the fragility of my self-assurance.

In the aftermath of that failure, I found myself drawn to the works of philosophers like Epictetus and Seneca, who wrote about the importance of resilience and the dangers of complacency. I began to see that my downfall had been rooted in an overemphasis on winning, rather than a genuine pursuit of understanding. I had been so focused on the end goal that I had neglected the process, neglecting to consider the complexities and nuances of the topic at hand. This realization sparked a newfound fascination with cognitive science, as I sought to understand the mental biases and heuristics that had led me astray.

As I delved deeper into the world of philosophy and ethics, I began to appreciate the value of failure as a catalyst for growth. I learned that it is often in our darkest moments that we discover our greatest opportunities for self-improvement. The experience taught me to approach challenges with a sense of humility, to question my own assumptions, and to seek out diverse perspectives. I started to engage in more open-minded and empathetic discussions, both in and out of the debate hall, and found that this shift in mindset allowed me to connect with others on a deeper level.

The lessons I took from that setback have been instrumental in shaping my approach to academics and personal relationships. I have come to recognize that true success is not about avoiding failure, but about embracing it as an opportunity for growth. As I prepare to embark on my collegiate journey, I am excited to engage with a community of scholars who share my passion for philosophy, ethics, and cognitive science. I am eager to explore the complexities of human knowledge and behavior, and to continue learning from my mistakes. The experience of failure has taught me that it is often in the darkest moments that we discover our greatest opportunities for growth, and I am confident that this mindset will serve me well as I navigate the challenges and triumphs that lie ahead.",1,groq_synthetic_ai,"The lessons we take from obstacles we encounter can be fundamental to later success. Recount a time when you faced a challenge, setback, or failure. How did it affect you, and what did you learn from the experience?"
"As I sit in my small apartment, surrounded by the vibrant sounds and aromas of my Latin American heritage, I am reminded of the complex tapestry that is my identity. Born to immigrant parents, I have navigated the intricacies of bilingualism and biculturalism, often finding myself at the intersection of two worlds. This unique perspective has not only shaped my sense of self but also fueled my passion for investigative journalism, a field that allows me to explore the complexities of human experience and give voice to the voiceless.

Growing up, I struggled to reconcile my dual identities. At home, I spoke Spanish and celebrated traditional holidays, while at school, I immersed myself in English and American culture. This linguistic and cultural dichotomy often left me feeling like an outsider, unsure of where I belonged. However, as I entered high school, I began to see my bilingualism as a strength, rather than a weakness. I started writing for the school newspaper, using my language skills to tell the stories of my community, from the struggles of immigrant families to the triumphs of local activists.

Through my journalism, I discovered a sense of purpose and belonging. I realized that my experiences, though unique, were not isolated, and that by sharing them, I could connect with others and spark meaningful conversations. My investigative pieces, often focused on social justice issues, allowed me to explore the complexities of identity, culture, and power. I interviewed community leaders, conducted research, and analyzed data, honing my critical thinking skills and developing a nuanced understanding of the world around me.

As I prepare to take the next step in my academic journey, I am excited to continue exploring the intersections of identity, culture, and journalism. I am drawn to colleges that value diversity, equity, and inclusion, and that offer strong programs in journalism and international studies. I am eager to engage with faculty and peers who share my passion for storytelling and social justice, and to contribute my unique perspective to the campus community.

My story is one of intersectionality, of navigating multiple identities and finding strength in the spaces between. It is a story of resilience, of embracing my complexities and using them to fuel my passions. As I look to the future, I am confident that my experiences, combined with my academic pursuits, will equip me to make a meaningful impact in the world. I am excited to join a community that values diversity, creativity, and critical thinking, and to continue telling the stories that need to be told.",1,groq_synthetic_ai,"Some students have a background, identity, interest, or talent that is so meaningful they believe their application would be incomplete without it. If this sounds like you, please share your story."
"As I stood in my school's makeshift laboratory, surrounded by wires, microcontrollers, and the faint smell of solder, I felt an unbridled sense of excitement and purpose. It was the first meeting of our high school robotics club, an initiative I had founded to bring together like-minded individuals who shared my passion for innovation and problem-solving. As we brainstormed ideas for our first project, I realized that this club was more than just a extracurricular activity – it was a platform for me to explore the intersection of technology and biology, a field that has captivated me since I first learned about synthetic biology.

The concept of designing and constructing new biological systems, such as genetic circuits and microorganisms, to solve real-world problems resonates deeply with me. I am fascinated by the potential of synthetic biology to revolutionize industries such as healthcare, agriculture, and energy. The idea that we can engineer microbes to produce biofuels, clean up environmental pollutants, or even produce therapeutic drugs is not only intriguing but also inspires me to pursue a career in bioengineering.

Through the robotics club, I have had the opportunity to apply theoretical concepts to practical problems, developing skills in programming, mechanical design, and teamwork. Our projects, such as designing an autonomous robot to navigate through a maze or creating a prosthetic limb using 3D printing, have not only honed my technical skills but also taught me the value of collaboration, creativity, and perseverance. Moreover, the club has provided a platform for me to mentor and inspire my peers, fostering a sense of community and shared passion for STEM education.

As I look to the future, I am excited to explore the frontiers of synthetic biology and bioengineering. I envision myself working at the intersection of biology, engineering, and computer science, designing innovative solutions to pressing global challenges. My experiences, from founding the robotics club to exploring the fascinating world of synthetic biology, have instilled in me a sense of purpose and direction. I am confident that my passion, creativity, and determination will enable me to make a meaningful impact in the field of bioengineering and beyond.

As I reflect on my journey, I am reminded of the wise words of Francis Crick, ""The ultimate goal of the molecular biologist is to explain all biology in terms of physics and chemistry."" For me, this quote encapsulates the essence of bioengineering – a field that seeks to understand and manipulate the intricate mechanisms of life, leveraging the principles of physics, chemistry, and engineering to create innovative solutions. I am eager to embark on this journey, to explore the uncharted territories of synthetic biology, and to contribute to the development of novel technologies that will transform our world.",1,groq_synthetic_ai,"Share an essay on any topic of your choice. It can be one you've already written, one that responds to a different prompt, or one of your own design."
"As I reflect on my journey, I am reminded of the profound impact that technology can have on people's lives. Growing up, I witnessed my grandmother struggle with everyday tasks due to her visual impairment. Her resilience and determination inspired me to explore the world of computer programming, with the ultimate goal of creating tools that could empower individuals like her. Through self-taught programming, I developed a passion for designing accessible mobile applications that could bridge the gap between technology and visual impairment.

My journey as a programmer began with online tutorials and coding forums, where I taught myself to navigate the intricacies of software development. As I delved deeper into the world of coding, I became increasingly aware of the lack of accessible technologies for visually impaired individuals. This realization sparked a sense of purpose within me, and I dedicated myself to creating innovative solutions that could improve the lives of those who, like my grandmother, faced daily challenges due to their visual impairment.

One of my proudest achievements is the development of an accessible mobile app that utilizes AI-powered voice assistance to facilitate navigation, communication, and entertainment for visually impaired users. This app, which I designed and coded from scratch, has been met with overwhelming enthusiasm from the visually impaired community. The feedback I received from users, who expressed gratitude for the independence and confidence that my app has given them, has been truly humbling.

Through this experience, I have come to realize that technology is not just a tool, but a catalyst for social change. My work has not only deepened my understanding of the complexities of visual impairment but also instilled in me a sense of responsibility to use my skills for the greater good. As I prepare to pursue higher education, I am eager to leverage my passion for programming and accessibility to drive innovation and create a more inclusive technological landscape.

My story is one of self-discovery, perseverance, and a relentless pursuit of using technology to make a positive impact. As I look to the future, I am excited to collaborate with like-minded individuals who share my vision of creating a more accessible and equitable world. I believe that my unique blend of technical skills, personal experience, and passion for social responsibility makes me an ideal candidate for a community that values innovation, empathy, and creativity. I am confident that my contributions will not only enrich the academic environment but also inspire a new generation of leaders to harness the power of technology to drive meaningful change.",1,groq_synthetic_ai,"Some students have a background, identity, interest, or talent that is so meaningful they believe their application would be incomplete without it. If this sounds like you, please share your story."
