text,label,source,orig_text
"As you navigate the complexities of life, are you searching for a transformative experience that will leave an indelible mark on your journey? If so, consider joining the Seagoing Cowboy program, an extraordinary opportunity that will challenge you, inspire you, and ultimately, help you discover your inner strength. Initially, you may feel a sense of melancholy as you adapt to the demands of traveling and being away from home. However, as you settle into the rhythm of life at sea, you will find that the joys of caring for animals from diverse corners of the globe will evoke an exuberant sense of purpose and fulfillment.

As a Seagoing Cowboy, you will have the privilege of visiting numerous ports around the world, immersing yourself in diverse cultures, and forging lasting bonds with the people you meet on board. The experience will be replete with opportunities for fun and camaraderie, whether it's engaging in sports or exploring new destinations. Your days will be filled with the rewarding task of caring for animals, ensuring they receive adequate nourishment and hydration. You may need to exercise caution when interacting with the animals, but the joy you bring to their lives will be palpable, much like the delight of a child on Christmas morning. As you witness the positive impact you have on these creatures, you will experience an profound sense of self-satisfaction and personal growth.

In addition to caring for the animals, you will be responsible for assisting with their unloading at harbor and maintaining a clean and safe environment for both the animals and yourself. These responsibilities will not only teach you the value of hard work and dedication but also instill in you a sense of self-reliance and accountability. The Seagoing Cowboy program offers a unique chance to develop essential life skills, including the ability to care for yourself and others, navigate new situations, and handle responsibility with confidence.

Ultimately, this experience will be a catalyst for personal growth, maturity, and self-discovery. You will form lasting friendships, acquire new skills, and develop a deeper understanding of the world and your place within it. The Seagoing Cowboy program is a once-in-a-lifetime opportunity that will leave you with unforgettable memories, a renewed sense of purpose, and a profound appreciation for the complexities and wonders of the world around you.",1,groq_polished_human_draft,"Are you looking for something to do in your life? If your are then you should join the Seagoing Cowboy program. At first you will have a meloncoly demeanor,but you will get use to traveling and being away from home. The animals you take care of will give you an exubernt feeling. Also, you will be able to vist many different places around the world. You will have alot of fun with to people you meet on the ship. We have alot of things you can do when you get off the ship like you can have fun by doing sports.

You will have to take care of animals from all over the world. You will have to feed them and make sure that they have water. You might have to be a little adacouis when you go and feed the animals. But, you will make them as happy as a person who got just what they want for Cristmas. And when you see them like this you will have an I -am - a - good -person felling. You will also have to help unload these animas off the ship onto the harbor. You will also have to clean up after them and after your self.

It will be a good experence for you. You will make new friends. You will learn how to take after your self. You will also learn how to take care of an animal. You will learn some new things. It will help you mature on taking care of your self. It will help you learn how to handle responce ability. Over all it will an opportunity of a life time for you.    "
"Dear Principal,

I am writing to express my concern regarding the proposed amendment to the school policy, which would restrict students with less than a B average from participating in sports and extracurricular activities. As a student, I strongly believe that this policy would be detrimental to the overall well-being and development of our student body. Many of my peers, including those with a C average, would be unfairly excluded from the benefits of participating in sports and activities they are passionate about.

In my opinion, extracurricular activities should be inclusive and accessible to all students, regardless of their academic standing. These activities provide a platform for students to explore their interests, develop new skills, and foster a sense of community and camaraderie. By participating in sports, students can experience the thrill of competition, the value of teamwork, and the joy of personal achievement. Moreover, engaging in physical activity can have a positive impact on their physical and mental health, helping to reduce stress and improve overall well-being.

One of the primary concerns with the proposed policy is that it may drive students away from positive and constructive activities, potentially leading them to seek alternative, and potentially negative, outlets. For instance, students who are denied the opportunity to participate in sports may be more likely to engage in delinquent behavior or join gangs, which can have serious consequences for their safety and well-being. On the other hand, allowing students with C averages to participate in sports can provide them with a sense of purpose and direction, helping to keep them engaged and motivated.

Personally, I believe that the experience of playing sports is invaluable, and it is essential that we preserve this opportunity for all students. The memories of playing in a baseball game, surrounded by the sights, sounds, and smells of the stadium, are etched in my mind forever. The thrill of competition, the rush of adrenaline, and the sense of pride and accomplishment are all essential aspects of the sporting experience. To deny students with C averages the opportunity to participate in sports would be unfair and potentially damaging to their self-esteem and confidence.

In conclusion, I urge you to reconsider the proposed policy and allow students with C averages to participate in sports and extracurricular activities. This would not only benefit the individual students but also contribute to a more inclusive and supportive school community. By providing opportunities for all students to engage in activities they are passionate about, we can foster a more positive and productive learning environment, where every student can thrive and reach their full potential. I sincerely hope that you will take my concerns into consideration and make a decision that benefits the entire student body.

Sincerely,
[Your Name]",1,groq_polished_human_draft,"Dear principal,

It has come to attention that you are considering changing school policy so that students may not participate in sport of other activities unless they have at least a grade B average. Of course, many students have a C average. It is my opinion that students should be allowed to play sports even thought they have a C average. I have many reasons for this, extra curricular activities are to be enjoyed and anyone should participate in them, It is also a better alternative than the students forming gangs and being out in the streets. Lastly, It would benefit everyone if kids with C averages could play sports because it keeps them fit. It would truly be appreciated by the whole student body if you would not change the school policy and allow everyone to participate in sports and other activities.

Foremost, kids with C averages should be able to play sports because sports should be enjoyed and cherished by everyone. Don't you remember your first baseball game? the smell of hotdogs and the impressive sight of that enormous diamond, the vendors yelling out ""Get your popcorn! 5 bucks a bag!"" and the overexcited fans. Imagine actually playing the game, especially if you love the sport, amazing right? then why should it be taken away from you just because you have a C average in school? That isn't fair at all! If it's something you love, you shouldn't be stopped from playing it, whether it's soccer or football, basketball or volleyball, all sports should be equally enj"
"The notion of a face on Mars has long been a topic of fascination and debate. While some argue that a photograph captured on the Martian surface depicts a visage created by extraterrestrial beings, others contend that it is merely a natural landform. In this essay, I will present evidence to substantiate the claim that the face on Mars is, in fact, a geological formation.

The face on Mars can be attributed to a natural landform due to the findings of scientists, who have determined that it bears a striking resemblance to a Martian mesa. The illusion of a face, reminiscent of an Egyptian pharaoh, is created by the interplay of shadows, which give the appearance of eyes, nose, and mouth. This was corroborated by NASA, which released the 1976 image to the public, describing it as a ""huge rock formation... which resembles a human head... formed by shadows giving the illusion of eyes, nose, and a mouth."" Subsequent images, captured on April 5, 1998, and April 8, 2001, with significantly higher resolution, further reinforced this conclusion. The latter image, taken on a cloudless summer day, revealed the Martian equivalent of a butte, a landform common in the American West. This conclusive evidence underscores the fact that the face on Mars is an ordinary geological feature, rather than an extraterrestrial artifact.

In conclusion, the face on Mars has been conclusively proven to be a natural landform, as evidenced by NASA's findings and high-resolution images. The initial perception of a face, fueled by imagination and speculation, has given way to a more nuanced understanding of the Martian geology. Ultimately, this phenomenon serves as a testament to the power of scientific inquiry and the importance of verifying claims through empirical evidence. The face on Mars, once a topic of speculation and intrigue, has been demystified, and its true nature as a natural landform has been firmly established.",1,groq_polished_human_draft,"Have you ever heard about a face on Mars? Do you believe it or not? Well some say that a picture was captured on Mars claiming that it is was a face created by Aliens. But on the other hand some say it is just a natural landform on Mars. But in this article I will be proving that the face is just a natural landform.

The face on Mars is just a natural landform because scientist figured out that it was just another martian mesa. Only a shadow that made it look like an Egyptian Pharaoh. After they dicovered that, a few days later NASA put the 1976 picture out to the public also saying ""huge rock formation... which resembles as a human head... formed by shadows giving the illusion of eyes, nose, and a mouth."" On April 5, 1998 team snapped pictures ten times better then the first one but the camera had to peer through wispy clouds to see the face. On April 8, 2001 they tried again on a cloudless summer day. The team captured an extraodinary photo using the camera's absolute maximum resolution. What the picture actually shows is the Martian equivalent of a butter messa, landforms common around the American West. So there you have it the mask on Mars was just a natural landform.

So have you ever heard of the face on Mars? Do you belive it? The face on Mars was jsut a natural landform proven by NASA.               "
"The notion that Facial Action Coding can accurately decipher human emotions is a concept I strongly doubt. As highlighted in the text, the subtlety of human facial expressions poses a significant challenge to technological recognition, begging the question: how can a computer possibly discern the intricate emotions that underlie our subtle facial movements? This skepticism is further reinforced by the fact that computers rely on comparing each expression to a neutral face, devoid of emotion, in order to make an assessment. However, this method raises more questions than answers: how can a computer truly comprehend the nuances of human emotion when it is merely comparing one face to another, and how can it accurately calculate the percentages of emotions being experienced?

The limitations of Facial Action Coding become even more apparent when considering the complexities of human emotions in real-life scenarios. A computer may be able to analyze a facial expression in a photograph, but can it truly grasp the emotional state of the individual in question? What if the person in the photograph is merely posing, disguising their true emotions behind a mask of happiness or neutrality? The computer may interpret the expression as indicative of a particular emotion, but how can it account for the complexities of human feelings, which can be multifaceted and context-dependent?

The analysis of the Mona Lisa's enigmatic smile serves as a prime example of the shortcomings of Facial Action Coding. According to the computer's assessment, she is 83% happy, 9% disgusted, 6% fearful, and 2% angry. However, I am compelled to ask: how can a computer possibly arrive at such precise percentages, and what criteria does it use to make such a determination? The reduction of human emotions to numerical values oversimplifies the intricacies of the human experience, neglecting the rich tapestry of feelings and experiences that underlie our facial expressions.

Ultimately, I firmly believe that people do not require a computer to inform them of their emotional state. Emotions are inherently subjective and personal, and only the individual experiencing them can truly comprehend their depth and complexity. The notion that a computer can provide an objective assessment of human emotions is, in my opinion, misguided. Human emotions are far too nuanced, multifaceted, and context-dependent to be reduced to numerical values or percentages. Instead, we should rely on our own self-awareness, introspection, and emotional intelligence to navigate the complexities of our emotional lives.",1,groq_polished_human_draft,"Facial Action coding is not useful i don't think technology can read someone's emotions because in paragragh 2 it states that ""how can a computer recoginize the subtle facial movements we humans use to ezpress how we feel"" so how can we technology read someone's emotions.

Can the Facial action coding really read how humans feel like how can you read how he/she feel just by looking at them in paragragh 4 it states that ""each expression is compared against a neutral face(showing no emotion)"" if the computur compares your face to another one how do it really know how your feeling how is ti getting the presentages and is it really right about how you feel.

The computer can tell you how you look or how it looks like hoe you feeling but in a picture it probably look like how you feel but how do the computer really know how you feel after or before you took the picture. what if you just did a regular smile but you felt sad would the computer read that you are sad and not happy.

In the Mona LIsa it looks like she is happy in the first paragragh it states that ""she's 83 percent happy 9 percent disgusted 6 percent fearfuland 2 percent angry"" how do the computer know that she is angry how can a computer read the perfect percent of how you are feeling.

I think that people don't need a computer that can tell them how happy,sad or mad because that's their feelings so how do they know that they are feeling that way. In my opion only one person can tell you how happy or sad and mad you a"
"While I acknowledge the potential benefits of mandatory community service, I firmly believe that it should not be a requirement for students. The notion that individuals are inherently responsible for the litter, pollutants, and biohazards in their community is an oversimplification, as these issues often stem from a complex array of factors. However, I would be receptive to the idea of voluntary community service, where students can choose to participate and receive academic credit for their efforts.

The primary concern I have with mandatory community service is that it infringes upon individual autonomy, forcing students to engage in activities they may not be passionate about. This approach can be counterproductive, as it may foster a sense of resentment rather than a genuine desire to contribute to the community. Instead, I propose that students who frequently receive detention or exhibit problematic behavior could be encouraged to participate in community service as a constructive alternative to traditional disciplinary measures. Moreover, students who have been proven to be habitual litterers or environmental offenders should be held accountable for their actions and take responsibility for their impact on the community.

Another significant consideration is the potential impact on municipal jobs. Many cities employ dedicated crews to maintain public spaces, water plants, clean monuments, and collect litter. Implementing mandatory community service could potentially displace these workers, exacerbating unemployment and economic instability. On the other hand, voluntary community service programs could complement existing municipal efforts, providing students with valuable experience and skills while supporting the community.

One of the most compelling arguments in favor of community service is that it can instill a sense of responsibility and work ethic in students from a young age. By participating in community service, students can develop a deeper understanding of the value of their contributions and the importance of giving back to their community. Additionally, such programs can enhance the school's reputation as a caring and responsible institution. Nevertheless, it is essential to strike a balance between promoting community engagement and respecting individual autonomy. Students should have the option to participate in community service, rather than being coerced into it.

Ultimately, community service can be a valuable tool for teaching students the importance of maintaining a clean and respectful environment. By engaging in community service, students can develop a sense of pride and ownership in their community, as well as a deeper appreciation for the efforts of municipal workers who strive to keep public spaces clean and well-maintained. However, it is crucial to approach this issue with nuance and sensitivity, recognizing the complexities and potential drawbacks of mandatory community service. A more effective approach might be to encourage voluntary participation, providing students with the opportunity to make a positive impact on their community while respecting their individual autonomy and agency.",1,groq_polished_human_draft,"I don't really think that it should be required to take community service, because people aren't always the cause of liter, polutants, biohazards, etc in their own community, however, if people would like to volunteer to help out in their community and get graded on it by the school then I would be open to the idea of that. People shouldn't be forced to do things they don't want to do. That's the only thing i have against this. Even though it would be benificial to the community. I would say let the kids that get detention and do bad stuff help with the community, to give them something to do outside of the detention room. Students that are proven avid literers should be held responsible for their own actions. But also another reason why I'm against this idea is that most citys pay a crew to drive around town, water plants, clean town monuments, pick up liter, etc. this could potentially take away their jobs. A great reason why the idea is good is it helps give the students a sence of responsibilty, and helps them know what work is about at an early age. Plus it gives the school a reputation as being good and caring for the community. But that isnt always what its about and the students should have an option to. It would be great assistance to the community though, teaching students how to keep things the way they should stay, clean. And give them a sence of respect to their own community. Right picture, Wrong idea. Now tutoring other students is another thing, students arent"
"The notion that the electoral college is a fair and effective system has been debunked by numerous critics, including prominent figures such as Bob Dole, who aptly argued that it is time to abolish this antiquated institution. As echoed in the sentiment ""The Indefensible Electoral College: Why even the best-laid defenses of the system are wrong,"" the arguments in favor of the electoral college are often based on unsubstantiated claims, while those against direct elections are tenuous at best. A closer examination of the system reveals that the electors, who are ostensibly chosen to represent the will of the people, do not always act with integrity, and their votes are not necessarily aligned with the preferences of their constituents.

This discrepancy is rooted in the fact that voters do not directly elect their preferred presidential candidate; instead, they cast ballots for electors who have pledged to support a particular candidate. However, this pledge is not always binding, and there have been instances where electors have defied the will of their constituents. As noted by a chorus of voices, including Richard Nixon, Jimmy Carter, Bob Dole, the U.S. Chamber of Commerce, and the AFL-CIO, the electoral college is a system that has been widely criticized and has garnered support for its abolition across the political spectrum.

The crux of the issue lies in the fact that the public is not, in fact, voting for their preferred presidential candidate, but rather for a slate of electors who may or may not uphold their commitment to vote for a particular candidate. Furthermore, in the event of a tie, the election is thrown to the House of Representatives, where the principle of proportional representation is compromised. This convoluted process underscores the need for a more direct and democratic method of electing the President of the United States, where the outcome is determined by the popular vote.

Ultimately, the distinction between voting for electors and voting for a presidential candidate is a critical one. As the question posed by critics aptly illustrates, ""Can voters control whom their electors vote for? Not always."" This lack of control and potential for confusion highlights the inherent flaws in the electoral college system, which can lead to a disconnect between the will of the people and the outcome of the election. It is time to reconsider the electoral college and adopt a more straightforward and democratic approach to electing the President, one that ensures that the voice of the people is truly heard.",1,groq_polished_human_draft,"""It's official: The electoral college is unfair, outdated, and irrational. The best arguments in favor of it are mostly assertions without much basis in reality. And the arguments against direct elections are spurious at best. It's hard to say this, but Bob Dole was right: Abolish the electoral college!"" ""The Indefensible Electoral College: Why even the bestlaid defenses of the system are wrong"". Most supporters of the Electoral College don't understand that electors are not always honest, just because people vote for the elector that is for the presidential candidate they favor of doesn't garentee the electors vote. ""What have Richard Nixon, Jimmy Carter, Bob Dole, the U.S. Chamber of Commerce, and the AFLCIO all, in their time, agreed on? Answer: Abolishing the electoral College!"" ""The Indefensible Electoral College: Why even the bestlaid defenses of the system are wrong"". People want to eliminate The Electoral College, and change to election for President of the United States to election by the popular vote. The public is not voting for their presidential candidate, they are voting for the foisting electors, and in the case of a tie, the House Of Representatives are thrown the election, where people are not proportionally represented.

Furthermore, voting for electors is not the same as voting for the presidential candidate. ""Can voters control whom their electors vote for? Not always. Do voters sometimes get confused about the electors and vote for the wrong candidate? So"
"Dear Principal,

As I consider the proposed policies, I firmly believe that Policy 1 is the most suitable choice for our school community. Although excessive phone usage can be a significant distraction, I argue that allowing students to possess their phones during the school day has numerous benefits that outweigh the potential drawbacks. During classes, it is undeniable that phones can be a diversion, but they also have various practical applications that can enhance our educational experience.

For instance, students may need to contact their parents to inform them about afternoon activities, such as sports practices or club meetings. Moreover, phones can facilitate communication with peers, enabling students to coordinate study sessions or group projects during study hall. In emergency situations, having access to a phone can be crucial, as it allows students to quickly contact their parents for transportation or inform them of their whereabouts. For many students, a phone serves as a symbol of security, providing a sense of comfort and reassurance that they can reach their parents whenever needed.

To mitigate the potential distractions posed by phones, I propose that faculty members implement a system to monitor phone activity during class hours. By requiring students to keep their phones in their backpacks or on silent mode, teachers can minimize disruptions while still allowing students to access their devices when necessary. Personally, I do not envision phones being a significant problem if Policy 1 is implemented, as I believe that students can exercise self-discipline and responsibility in their phone usage.

In conclusion, I strongly advocate for Policy 1, as it strikes a balance between acknowledging the potential benefits of phone usage and addressing the potential drawbacks. By adopting this policy, our school can promote a culture of trust, responsibility, and open communication, ultimately enhancing the overall educational experience for students.

Sincerely,
STUDENT_NAME",1,groq_polished_human_draft,"Dear Principal,

I believe policy 1 is the best choice for our school. Even though phone usage is a problem there are many reasons students should at least have their phones. I see that during class, phones can be very distracting, but there are also a lot of useful places for a phone in a school day. Students may need their phones to contact parents, so they can inform them on afternoon activities. Phones may also be used to ask a friend to meet up for study hall so they can work on a project.

If students have their phones and an emergency occurs then they can use them to contact their parents for transportation, or inform them of their whereabouts. For most students a phone is a sign of security that serves as a lifeline to their parents. Faculty could easily monitor phone activity in the school by making shore kids had their phones in their backpack during class. Personally I don't see the phones being much of a problem if policy 1 was put into place.

Sincerely,

STUDENT_NAME"
"As we stand at the precipice of a new era, a profound shift is underway, one that is redefining our relationship with the automobile. Recent studies have revealed a striking trend: people around the world are increasingly abandoning their affection for cars. In countries such as Germany, France, Bogotá, and the United States, the data shows a significant decline in car sales, signaling a seismic change in transportation habits.

Some nations have even instituted a national day where citizens are encouraged to walk, skate, or ride a bike to work, with penalties for non-compliance, including taxation and vehicle impoundment. This radical approach underscores the growing recognition of the need for sustainable transportation solutions. The notion that governments would implement such measures may seem unfathomable, yet it highlights the urgency of the issue and the willingness of policymakers to take drastic action.

In cities like Vauban, Germany, the emphasis on eco-friendly transportation is particularly pronounced. Residents are required to pay a substantial fee of $40,000 to park their vehicles, although this comes with the benefit of owning a home. According to Source 1, a remarkable 70 percent of Vauban's families have opted not to own cars, with 57 percent having sold their vehicles prior to moving to the town. This statistic underscores the diminishing appeal of car ownership in Vauban, where the ""car-free"" environment has led to a proliferation of cyclists and skaters.

Similarly, Paris, France has been forced to adopt measures to mitigate the crippling effects of smog. As noted in Source 2, the city has implemented a system where motorists with even-numbered license plates are prohibited from driving on certain days, with a 22-euro fine ($31) imposed on those who fail to comply. The following day, the same restriction applies to vehicles with odd-numbered plates. This drastic measure is a testament to the severity of Paris's pollution problem, which has earned the city the dubious distinction of having some of the worst air quality in Europe.

As these examples illustrate, the world is indeed on the cusp of a revolution in transportation, one that prioritizes sustainability, environmental stewardship, and human well-being over the traditional dominance of the automobile. The future is, in fact, arriving, and it is being shaped by the collective efforts of individuals, communities, and governments working towards a more eco-friendly and livable world.",1,groq_polished_human_draft,"Is the future really coming? Resent studies have showed that people around the world are starting to stop there love of cars nearly everywhere. in countrys like Germany,France,bogota, and the usa rates have shown that people are not buying as many cars a year as they normally do. Some countrys are even starting to have a national day where they are walking, skating, and riding a bike to work, and for those who do not follow the rules they are getting taxed and haveing there vehicals impounded. Can you belive that?

In citys like Vauban, Germany- People have to pay $40,000 to park they car that they own, the bright side is that they get a house along with it. as stated in sourse 1, "" 70 Percent of Vauban's families do not own cars, and 57 percent sold a car to move here."" This statement is explaining how its not worth it to have a car in this town. People here are more oftenly found riding a bike or skating to there destination due to this ""car-free"" town.

Paris, France has been forsed to stop using there cars ever once in a while due to all the smog in there city. in Source 2 it is stated that, ""... Motorists with even-numbered license plates were ordered to leave there cars at home or suffer a 22-euro fine($31). The same would apply yo those Odd-Numbered plates the following."" this is telling you that there city was so bad tha the goverenment was forsed to have ther city be taxed if thet wanted to drive ther car. Normally paris has more smog then other places in europe. som"
"Here is a polished version of the student's essay draft:

Allowing students to choose their own activities can have a profoundly positive impact on their overall experience at school. By providing students with the autonomy to select activities that genuinely interest them, we can foster a more engaging and dynamic learning environment. This, in turn, can help students develop a sense of purpose and motivation, leading to improved academic performance and a more fulfilling educational experience.

To facilitate this, after-school programs can be implemented, complete with late bus services to ensure that transportation is not a concern for students or their parents. This would enable students to participate in a wide range of activities, from band and arts to sports and academic clubs, without worrying about how they will get home. Moreover, these activities can serve as a catalyst for socialization, allowing students to form new friendships or deepen existing ones through shared interests.

One of the most significant advantages of this approach is that it encourages students to put down their phones and explore their passions. In an era where screen time dominates many aspects of life, providing students with alternative outlets for their energy and creativity can have a profoundly positive impact on their mental and physical well-being. Additionally, by giving students the freedom to choose their own activities, parents are relieved of the burden of forcing their children into pursuits that may not align with their interests.

I firmly believe that this approach is beneficial because it allows students to discover activities that bring them joy and fulfillment. When students are able to engage in physical activity or creative pursuits that they genuinely enjoy, they are more likely to develop a lifelong commitment to wellness and personal growth. Ultimately, I wholeheartedly agree that all students should have the opportunity to participate in at least one activity that sparks their passion and interest. By doing so, we can empower students to reach their full potential and cultivate a more vibrant, engaged, and supportive school community.",1,groq_polished_human_draft,"Can students chosse what actived they would like to do. Will it help students at the school, and will they get help them get out more or be inside doing band, arts, or studing for school. It would have to be after school so they can hae the time, and plus there can be late buses so they don't have to worry about getting a ride or there partens picking them up. They could make new friends or be with there friends, by group activiyes.

A plus is that students will get off there phones and find somthing they would like to do. Another reason is the partents wont have to forces or make them do something they don't want to do in order to get them out.

I think it is a good idea becuse if you find something you like to do it will help you in phsycli activiy. I say I agree with all students doing one actinity they like."
"As the academic year draws to a close and summer break commences, many schools mandate that students undertake summer projects to ensure continuity of learning outside the classroom. While teacher-designed projects can be rigorous and challenging, I firmly believe that student-designed projects are a more effective and engaging alternative. By allowing students to take the reins, they are more likely to be invested in the work, face fewer difficulties, and experience reduced stress levels, ultimately leading to a more productive and enjoyable learning experience.

The prospect of tackling a teacher-assigned project over summer break can be daunting, to say the least. In contrast, student-designed projects are more likely to be completed because they are inherently more enjoyable and tailored to individual interests. When students are given the autonomy to choose their own projects, they are more motivated to see them through to completion. Unfortunately, many teacher-assigned projects often lack the interactive and engaging elements that make learning enjoyable, resulting in a lackluster response from students. Some students thrive when projects incorporate hands-on activities and creative freedom, while others struggle with dry, textbook-based assignments.

When students are able to derive pleasure from their work, they are more likely to grasp the concepts and complete the tasks with ease. This, in turn, fosters a sense of confidence and self-assurance, as students feel more in control of their learning. Conversely, when students struggle to comprehend the material, they often become disheartened and hesitant to submit their work. By empowering students to design their own projects, we can mitigate these issues and create a more supportive and inclusive learning environment. As students take ownership of their learning, they are more likely to be enthusiastic, motivated, and committed to producing high-quality work, ultimately leading to a more successful and fulfilling educational experience.",1,groq_polished_human_draft,"When school ends, and summer break begins, some schools require students to complete summer projects. These projects are to make sure students continue their education outside of school. When teachers design the projects, students are more challenged with the work they are given. However, a student-designed project is a much better choice; Students are more likely to do the work designed by them, students will have less of a hard time, and students will feel less stressed rather than having to do a more challenging project.

A project designed by a teacher can be dreadful enough, let alone the fact that the project is over break. Student-designed projects are more likely to be completed due to the simple fact that the work would be more enjoyable for students. When a student gets work that they are able to enjoy, they will complete it. Most teachers do not give out work that a student could enjoy, they just give out boring work. Some students enjoy the work when there are more interactive activities within the project, and some students do not get much done when it is just the work itself.

When students enjoy the work, that means they are not having a hard time understanding and completing what needs to be done. Students feel good and more confident in the work they do when they understand what they are doing. If a student has a hard time comprehending what is being taught, they tend to become indecisive and would choose to not turn their work in. Student can be nervous at t"
"The advent of driverless cars is a revolutionary concept that holds tremendous promise for transforming the way we travel. By leveraging advanced computer systems, these vehicles can significantly mitigate the risks associated with human error, which is a leading cause of accidents on our roads. Human fallibility, whether due to distraction, fatigue, or sheer carelessness, can have devastating consequences, making the need for a reliable safety net paramount. To address this concern, it is essential to incorporate fail-safes that enable the vehicle to navigate complex scenarios, such as work zones or hazardous conditions, with ease and precision.

One of the most significant advantages of driverless cars is their potential to minimize accidents and reduce speeding. By assuming control of the vehicle, the computer system can ensure a smoother, more predictable ride, thereby decreasing the likelihood of collisions and other mishaps. Furthermore, these cars can be designed to cater to the needs of families, incorporating features that keep children entertained and occupied during trips, allowing parents to relax and enjoy the journey without distractions. The inclusion of interactive entertainment systems or other kid-friendly amenities can help create a more peaceful and enjoyable experience for all passengers.

As noted in relevant discussions on the topic, it is crucial for driverless cars to be equipped with a mechanism that signals to the driver when their intervention is required. This raises an important point: while driverless cars offer a high degree of autonomy, it is still essential to have a licensed driver behind the wheel at all times, capable of taking control in emergency situations. The vehicle's advanced sensors and navigation system should be able to detect potential hazards and alert the driver accordingly, ensuring a seamless transition of control when necessary.

In conclusion, the development and implementation of driverless cars have the potential to be a groundbreaking innovation, one that could significantly reduce accidents, alleviate traffic congestion, and enhance the overall driving experience. As a pioneering technology, driverless cars would not only minimize the risks associated with human error but also pave the way for a new era of transportation, one that is safer, more efficient, and more enjoyable for all.",1,groq_polished_human_draft,"I think that driverless cars are a great idea. The computer will help with all the human error. Humans tend to cause a lot of problems on the road. There shpuld be a safety precaution incase the car can't manuver through a work zone or anthing harzordus. This driverless car will minimize accidents and speeding.

These cars will help so much with human errors. The cars should have something for kids in it to keep them quite. So there would be no fussing while the parent is trying to relax. While the care is doing the work the parent she be able to sit back and enjoy the ride. In the passage the author said something about the car signaling when the driver needs to take control. There always should be someone who knows how to drive behind the wheel at all times. The car should know when there are harzardous threats apporching it.

In conclusion, a driverless car would be a grat thing in this world. This car would minimize accidents and being pulled over. The car would be the first of its generation."
"Dear Teacher,

I firmly believe that students should not be permitted to bring their cell phones to school. The likelihood of a student failing to silence their phone is high, and this can lead to a multitude of distractions and academic integrity issues. For instance, if a student is unprepared for a math test, they may be tempted to use their phone's calculator or text a classmate for answers. This not only undermines the purpose of the test but also creates an unfair advantage.

To mitigate this issue, if cell phones were allowed in school, teachers would need to collect all phones during class, and any student found sneaking a phone should face disciplinary action, such as a write-up or in-school suspension. However, this approach may not be the most effective solution, as it could lead to a cat-and-mouse game between students and teachers.

Moreover, allowing cell phones in school could lead to a range of other problems. Students may use their phones to share inappropriate content, such as explicit images, with their peers. Additionally, the ease of communication provided by cell phones could facilitate bullying, as students may use their phones to threaten or intimidate others, making them feel uncomfortable or even fearful about attending school. The proliferation of cell phones in school could also exacerbate social issues, such as gossip and rumors, which can have a profound impact on students' emotional well-being.

Another significant concern is the potential for social exclusion. If some students are allowed to bring their cell phones to school while others are not, it could create a sense of inequality and isolation among those who do not have access to a phone. This could lead to feelings of sadness, loneliness, and disconnection from their peers.

In conclusion, I strongly believe that cell phones have no place in the school environment. The potential risks and distractions they pose far outweigh any potential benefits. By maintaining a cell phone-free policy, we can promote a more focused, inclusive, and respectful learning environment that allows students to thrive academically and socially.

Sincerely,
STUDENT_NAME",1,groq_polished_human_draft,"Dear TEACHER_NAME:

I think that students should not be aloud to bring there cell phone to school, because you know as well as everyone else that there is going to be some one that doesn't turn there phone off. If you allow students to bring a cell phone to school then they might use it on a test. For example, a student has a big math test coming up that he/she did not study for. So that student could very easily bring his phone to class and use the calculator on it. They could also text there friend and ask them for the answer. If you do allow students to bring there phone to school the teacher should take up everyone one phones during class and if a student were to sneak it in the teacher should write him up or give then ISS.

If students were allowed to bring there phone to school they may have dirty pictures and show them to people. A student could also use his or her phone during school to threaten so body then they may not want to come to school. bringing cell phones to school would just make it easier for girls to spread rumors or gossip about someone. Another thing is what if a student doesn't have a cell phone then that student will fill left out and sad. this is why i think cell phones should not be aloud in school.

Sincerely,

STUDENT_NAME"
"Dear [TEACHER_NAME],

I recently became aware of the newly implemented academic rule, which mandates a B average for students to participate in school sports. While I understand the intention behind this policy, I strongly believe that it may inadvertently hinder the academic and extracurricular pursuits of many students. Maintaining a B average can be a formidable challenge, particularly for those who are engaged in various activities outside of school. As a student, I can attest that balancing the demands of homework, tests, and quizzes with other commitments can be overwhelming.

Participating in athletic teams holds significant value for students like myself. It provides an outlet for us to explore our passions, develop our interests, and cultivate a sense of camaraderie with our peers. By potentially restricting access to these opportunities, the new rule may have unintended consequences, such as decreased motivation and poorer academic performance. I firmly believe that the previous requirement of a C average was a more realistic and attainable goal for many students.

One potential solution to this dilemma would be to reassess the workload imposed on students. If teachers could reduce the amount of homework and quizzes, I am confident that many students would be better equipped to meet the new B average requirement. As a member of various athletic teams and social groups, I often find myself struggling to allocate sufficient time for homework and studying. The resulting late nights, often stretching until 11 o'clock, leave me exhausted and unable to perform at my best. I believe that it is essential for students to experience a balanced and enjoyable childhood, unencumbered by excessive academic burdens.

Rather than solely relying on students to adapt to the new rule, I propose that the school consider a more holistic approach. By striking a balance between academic rigor and extracurricular activities, we can foster a more supportive and inclusive environment that allows students to thrive. I would appreciate the opportunity to discuss this matter further and explore potential solutions that prioritize the well-being and success of all students.

Sincerely,
[Your Name]",1,groq_polished_human_draft,"Dear TEACHER_NAME,

I have heard about the new academic rule, requiring a B average to play a school sport. For many kids a B average is tough to come up with especially for those are involved in other activities outside of school. You must realize that we are kids and coming up with a B average with all the homework and tests and quizzes that our teachers give is are really hard to complete, along with other extra-curricular activities and other athletics we are associated with.

Being part of an athletic team means a lot to a kid like me. Being able to participate in our interests and the things we enjoy and love to do is just wonderful. If you are going to take that away from many kids, then a lot of kids may proceed to do even worse. That is definitely not what you want. I think that the C average was fine the way it was and is a good academic goal for some of us.

I think many other kids would be able to come up with a B average if you told your teachers to cut down on the homework and quizzes somewhat. Being part of other athletic team and social groups does not give me much time to do my homework. Kids should be able to experience the 'right kind of childhood' and with all this homework and tests, I am staying up until at least eleven o' clock every night trying to complete my homework or studying for a test. To me, eleven o'clock on a school night is way to late, which is leaving me tired every day and not being able to perform to my full potential.

You might say tha"
"The notion of driverless cars may seem like a revolutionary idea, but it warrants closer examination. As we consider a future where autonomous vehicles dominate the roads, a critical concern arises: the potential erosion of driving skills among future generations. By relinquishing control to technology, we risk compromising the ability of individuals to operate vehicles safely and effectively, which could have far-reaching consequences.

Initially, the concept of driverless cars may seem appealing, but it is essential to recognize that even with autonomous features, human intervention is still necessary. The fact remains that drivers will be required to take control of the vehicle in certain situations, such as navigating through roadwork or construction zones. If drivers are not attentive and lack the necessary skills, the risk of accidents increases significantly. The highway, in particular, poses a significant threat, as the car's ability to steer, accelerate, and brake autonomously may lull drivers into a false sense of security, leading to complacency and decreased vigilance.

Furthermore, the current regulatory landscape poses an additional challenge. Many states have enacted laws prohibiting the testing of computer-driven cars, with the promise of repealing these laws once the vehicles are approved. However, if these laws remain in place in certain states, drivers may find themselves in a precarious situation when traversing through these areas. The need to take control of the vehicle may arise, but the driver's limited experience and skills, honed only through partial automation, may prove inadequate. This scenario highlights the potential risks and inconsistencies that could arise from the widespread adoption of driverless cars.

The technology itself is undoubtedly impressive, with features such as touch sensors, alert systems, and autonomous control up to 25 mph. These innovations demonstrate the potential for driverless cars to enhance safety and convenience. Nevertheless, it is crucial to consider the broader implications of relying solely on autonomous vehicles.

In conclusion, the abandonment of traditional driving skills in favor of autonomous technology may not be the most effective approach. As we move forward, it is essential to strike a balance between embracing innovation and preserving the fundamental skills necessary for safe and responsible vehicle operation. By doing so, we can ensure that future generations are equipped to navigate the complexities of the road, regardless of the level of automation. Ultimately, a comprehensive approach that integrates both human and technological capabilities will be essential for creating a safer, more efficient, and more sustainable transportation system.",1,groq_polished_human_draft,"Driverless cars seems like a great idea doesnt it? But think about it, people in the future are not really going to know how to drive a car. Cutting the past out isnt going to help in the furure.

First of all, Getting a driverless car you still have to drive. No one wants to drive a driverless car, and thats where a lot of crashes are goin to start. A lot of people are not going to be paying attention. Especially on the highway because the car can steer, accelerste, and brake themselves but cannot drive themselve through road work. Thats where the accdient is going to happen at, if the driver is not paying attention.

Additionally, most states have made it illegal to test computer driven cars. They say the law will be tooken down once the cars are approved. But what if in some states they dont take the law down, if the driver has to go through that state to get to another, there's going to be a problem. The driver then has to drive. But the driver doesnt really know how to and they only know parts of driving because the car did the rest of that.

Also, a driverless car is a very nice kind of car. they steer it self, accelerate , and brake themselve. It can function its speed up to 25 mph. Has a special touch sensor to make sure the driver has control of the wheel. Plus has an alert system to when there is a problem ahead the car can't keep control anymore.

In conclusion, cutting the past out isnt going to help the future. People in the future are not really going to know to"
"In the realm of education, a longstanding debate has persisted regarding the most effective approach to learning, with some arguing that the current system is the epitome of educational excellence. However, it is evident that there is still room for improvement, lest future generations, including those aspiring to become firefighters or police officers, repeat the mistakes of the past. One potential solution lies in the concept of autonomy, which empowers individuals to forge their own paths and cultivate their unique strengths. The allure of true freedom to pursue one's passions and interests through self-directed skill development is undeniable. One manifestation of autonomy is the opportunity to engage in distance learning, a paradigm that warrants closer examination.

Distance learning refers to a educational framework in which students participate in online courses, video lectures, or one-on-one instruction with a teacher from their school, all from the comfort of their own homes. This approach differs significantly from traditional homeschooling or tutoring, as it involves a qualified teacher from the student's school providing personalized guidance and support, often in conjunction with online coursework. Currently, only a limited number of schools offer this option, but if it were to be implemented more widely, the benefits would be far-reaching. By providing students with the flexibility to learn in a setting that suits their individual needs, distance learning has the potential to bolster the overall success of an entire county, for two primary reasons: it caters to those who thrive in smaller, more intimate learning environments, and it mitigates the stress and anxiety often associated with traditional school attendance.

Globally, there are numerous children who struggle with social anxiety, learning disabilities, or introversion, and who are frequently overlooked in favor of their more extroverted and able-bodied peers. By acknowledging and addressing the unique challenges faced by these students, distance learning can provide a vital lifeline, enabling them to access high-quality education in a setting that is tailored to their distinct requirements. As educators and policymakers, it is essential that we prioritize the development and implementation of innovative educational models, such as distance learning, to ensure that all students, regardless of their background or abilities, have an equal opportunity to succeed and reach their full potential. By doing so, we can foster a more inclusive, equitable, and effective education system that truly benefits the next generation of leaders, including those who aspire to serve as firefighters, police officers, and other vital members of our communities.",1,groq_polished_human_draft,"In the world of education, there have been many arguments about which way of learning could benefit the most people. Some agree that the system we have now is the pinnacle of what we can do to help younger generations learn. However, there is definitely more we could do so the next firemen or police officers in line don't make the same mistakes we have. One of these things is autonomy, the chance to build a new road for one's self. Who wouldn't love the true freedom to become anything by just working to improve skills? One of these bits of autonomy is the chance to try distance learning.

What is distance learning? It is when a child decides to take school from home, online, or have video courses with a teacher. It isn't exactly homeschooling or tutoring, in the sense that instead of having a family member, or specialized teacher come to enlighten; rather, it is when a teacher from the school that the student has probably gone to takes the time to teach one-on-one, along with online courses. As of now, only a percentage of schools allow this, but if this opportunity were introduced to more schools, the whole county would have a higher success overall for two reasons: it helps those who learn better in a small environment, and there isn't the stress of actually going to school.

There are many children all over the world with social anxiety, learning disabilities, or who are just very introverted. When compared to the much more prominent demographic, they are often looked over"
"While extracurricular activities can be a valuable investment of time for students seeking to alleviate boredom, earn scholarships, or instigate positive change, it is essential to consider whether mandatory participation is truly beneficial for all. I firmly believe that students should not be compelled to engage in after-school activities.

Firstly, the limited variety of extracurricular activities offered by many schools can stifle students' creativity and self-expression. By requiring students to participate in at least one activity, we are, in effect, dictating the categories in which they must excel, implying that success is contingent upon conformity to these narrow parameters. It is crucial for students to understand that their future aspirations are not inextricably linked to their involvement in school sports or traditional extracurricular activities. By acknowledging and embracing diverse interests, we can foster a more inclusive and supportive educational environment.

Furthermore, not all students have the luxury of staying after school due to various obligations. Some may be responsible for caring for elderly family members or managing an excessive homework load. While academic pursuits are undoubtedly important, it is equally essential for students to prioritize their personal and family commitments. The reality is that many parents work late hours, leaving their children to navigate unsafe and inconvenient transportation options, such as walking home alone, hitchhiking, or relying on friends for rides.

Lastly, forcing students to participate in extracurricular activities can lead to a loss of personal interest and autonomy. If a student joins a club solely to avoid feelings of exclusion or to alleviate stress, they may develop a negative attitude towards the activity, ultimately resulting in increased stress, anxiety, and sleep deprivation. By allowing students to explore their genuine passions and interests, we can help them cultivate a sense of purpose and motivation, rather than merely going through the motions to fulfill a requirement. Ultimately, it is essential to recognize that every student's circumstances, needs, and aspirations are unique, and that mandatory extracurricular participation can be counterproductive to their overall well-being and success.",1,groq_polished_human_draft,"Extracurricular activities are beneficial for kids who are bored, want to invest time into earning a scholarship, or want to change something by putting themselves out there. However, does this mean every kid has to?

I don't believe that us kids should be forced to partake in after school activities.

First, not all schools provide a wide variety in extracurricular activities, which means that we are limiting the creativity, or expression, in students. So, by telling a student, ""You have to participate in at least one activity,"" you are saying, ""You have to be into these type of categories, or you'll never succeed."" Children need to understand that you don't need to be a school sports athlete in order to do what you want in life..

Secondly, not all kids have the opportunity to stay after school. Some kids may have to take care of elders, or have a ton of homework. School is important, yes, but kids need to put their important, after school lives, first. Often, most kids' parents get home too late to pick up their child, leaving the kid to walk home, hitchhike, or phone a friend, which may be inconvenient for the friend, and dangerous.

Lastly, the kid may lose personal interest in other things. What if he/she decided to join an after school club just to feel left out, or stressed, and grew a bad attitude towards the club? This can cause stress, anxiety, and loss of sleep if he/she is stressed due to their dislike towards the club, but they are being forced, so they can not "
"The pursuit of advice is a ubiquitous aspect of our lives, as we frequently solicit guidance from a diverse array of individuals, including family, friends, and colleagues. By consulting multiple sources, we can make more informed decisions, as the cumulative wisdom of various perspectives enables us to identify commonalities, acknowledge shared experiences, and weigh our options more effectively. The rationale behind this approach is threefold: it allows us to discern a consensus among our advisors, recognize the value of their experiences, and consider a multitude of viewpoints, rather than relying on a single opinion.

When seeking advice, it is essential to identify a common thread among the responses we receive. This convergence of opinions lends credibility to the guidance, as it suggests that the advice is grounded in collective experience and wisdom, rather than being a fleeting or arbitrary suggestion. Moreover, the consistency of the advice fosters trust, as it implies that the recommended course of action has been vetted and validated by multiple individuals. A personal anecdote illustrates the significance of this approach: during a challenging period in my life, I sought guidance from both parents and teachers, and the uniformity of their advice proved to be a reassuring and ultimately correct prescription for my situation. This experience underscores the importance of seeking commonalities in the advice we receive, as it allows us to navigate complex situations with greater confidence and assurance.

Furthermore, when soliciting advice, it is crucial to listen to the experiences of others, particularly if they have grappled with similar challenges or questions. Individuals who have navigated analogous situations can offer invaluable insights, as their firsthand knowledge and expertise can provide a nuanced understanding of the complexities involved. By listening to their stories and experiences, we can gain a deeper appreciation for the obstacles we face and develop a more informed approach to addressing them. This empathetic understanding, in turn, enables us to make more thoughtful and effective decisions, as we are able to consider a broader range of perspectives and potential outcomes. Ultimately, the act of seeking advice from multiple sources and listening to the experiences of others is a testament to the value of collaborative problem-solving and the importance of embracing diverse perspectives in our personal and professional lives.",1,groq_polished_human_draft,"Advice is something we ask for fairly often and receive it from many different people. When seeking advice we ask multiple people usually, whether we ask family, friends, or even co-workers. We make better decisions based on how many people that we ask for advice. Reasons we make better decisions when asking more people are you can find a common response from our sources, you can acknowledge if they have had the same problem or question as you do, and you can weigh your options not just having one opinion.

When asking for advice you want to find a common response from everyone we ask. This way you know that this advice is not just made up and people have actually learned this. It also helps you feel more trust in the advice because it is the same thing from multiple sources. A perfect example of this would be a time in my life when I was struggling so I went to both of my parents at separate times, I went to my teachers as well. I received the same advice from all of them and it was the right thing to do at that time. This is why it is important to find common responses to your questions.

Next when asking for advice you should listen from others if they have shared the same question or learned from a similar experience. If someone has had an experience where they have been facing the same problems as you the probably know what to do in that situation. Listening to these experiences makes you wiser and more understanding of the challenge that you are seeking advice for. This"
"The pursuit of sound advice is a fundamental aspect of decision-making, and soliciting multiple perspectives can significantly enhance the quality of one's choices. Individuals who struggle with indecisiveness often seek guidance, and by considering a diverse array of opinions, they can make a more informed decision that aligns with the prevailing view. Among the myriad of opinions one may receive, a single, particularly insightful perspective can have a profound impact, ultimately guiding the individual towards a decision they can confidently endorse. When faced with uncertainty, seeking multiple opinions can provide the necessary assurance to solidify a decision, thereby mitigating the risk of doubt and regret. By canvassing a range of viewpoints, individuals can substantially increase their chances of making a well-informed choice.

Indecisiveness can lead to overthinking, which, in turn, can result in hesitant decision-making and a heightened likelihood of regret. However, by consulting multiple individuals, one can gain a more nuanced understanding of the options at hand, thereby facilitating a more deliberate and thoughtful decision-making process. Even in seemingly mundane matters, such as selecting an outfit, soliciting the opinions of others can help to clarify one's preferences and make a more confident choice. Indeed, indecisiveness can have far-reaching consequences, including the potential for regret and remorse. By seeking multiple opinions, individuals can avoid the pitfalls of hasty or ill-informed decision-making, instead opting for a more measured and reflective approach.

The process of soliciting advice from multiple sources can yield a wide range of responses, some of which may be less helpful than others. Nevertheless, amidst the diverse array of opinions, there may be one that resonates particularly strongly, offering a unique perspective that can profoundly influence one's decision. This singular opinion can serve as a catalyst, empowering the individual to make a more informed choice that aligns with their values and goals. By embracing the diversity of perspectives and opinions, individuals can cultivate a more discerning and thoughtful approach to decision-making, one that is grounded in a deep understanding of the options and their potential consequences. Ultimately, the pursuit of multiple opinions can be a powerful tool in the decision-making process, enabling individuals to navigate complex choices with greater confidence and assurance.",1,groq_polished_human_draft,"When in need of advice on what to do, seeking multiple opinions can help people make a better choice. People who are indecisive, tend to seek for advice, and with input from multiple people, they can go with the majority of what people say. Out of the many opinions someone could receive, one may influence them more than the others and help them make a decision they are positive on. People sometimes may be unsure of something, so they seek for multiple opinions and those opinions could give that person that assurance they need to establish a finalized decision. Multiple opinions increases a greater chance to help a person make a better choice.

People who are indecisive could overthink and they may make a choice that they are unsure about. Asking multiple people for opinions could give them a better understanding on what choice to make. If you need advice on a deciding what to do, like choosing what pair of shoes you want to wear, you could always make an easy decision and go with the majority of what people favor most. Indecisiveness can lead a person to making an unsure decision causing them to later regret what they did, so you can save yourself from the trouble of that, and seek for multiple opinions to help you carefully decide.

When asking multiple people for advice, you can receive all sorts of different answers. Out of all the answers you get, there may be some that are of no help whatsoever, but there also could be one that could influence you heavily and be great of"
"As I ponder the prospect of driverless cars navigating our roads, I am compelled to express my reservations about their implementation. While the notion of autonomous vehicles may seem efficient and luxurious, I firmly believe that they pose a significant threat to road safety. The idea of a world where individuals no longer need to own cars, as touted by numerous car companies, may seem appealing, but it is fraught with potential pitfalls. The absence of human control behind the wheel would inevitably lead to a myriad of issues, including accidents and malfunctions, which could have devastating consequences.

Proponents of driverless cars, such as Google, argue that these vehicles would enhance road safety. However, I remain skeptical about the efficacy of this claim. Google has already conducted tests on its driverless cars, and their findings reveal a critical caveat: ""Google cars aren't truly driverless; they still alert the driver to take over when pulling in and out of driveways or dealing with complicated traffic issues, such as navigating through roadwork or accidents."" This admission raises a crucial question: how do these cars determine when to alert the driver? Do they rely on sensors to detect traffic patterns, and if so, what happens if these sensors fail? The potential consequences of such a failure are alarming, as the car could continue to drive at a steady speed, oblivious to the dangers that lie ahead, leaving the driver insufficient time to react.

The complexities of real-world driving scenarios further exacerbate my concerns. For instance, how would a driverless car detect and respond to unexpected events, such as a pedestrian stepping into the road, a cyclist falling into the path of the vehicle, or the presence of roadwork? The sheer number of variables that could go wrong with these cars is staggering, and it is my firm conviction that they are not yet ready to be unleashed on our roads. The legal and regulatory frameworks that would govern the use of driverless cars are still in their infancy, and it is imperative that we exercise caution and carefully consider the potential risks before allowing these vehicles to become a fixture on our highways.

Ultimately, while the concept of driverless cars may seem alluring, I believe that their implementation would be premature and potentially disastrous. As we continue to navigate the complexities of this technology, it is essential that we prioritize road safety and exercise restraint in our pursuit of innovation. The stakes are too high, and the potential consequences too severe, to rush into a future where driverless cars dominate our roads without first ensuring that they can operate safely and reliably.",1,groq_polished_human_draft,"My personal belief is that driverless cars should not be allowed on the roads. Driverless cars sound efficient and luxurious but they are really accidents waiting to happen. Many car companies that want to develop driverless cars talk about a world where no ever has to buy a car again because of this new and more efficient form of public transportation. This new form of public transportation would have many flaws due to humans not being in control of the vehicle such as accidents and malfunctions.

Google is one of the companies that want to get driverless cars out on the road to try and make the roads safer. But would that really make the roads safer or more dangerous? Google has tested driverless cars already and they stated,""Google cars aren't truly driverless; they still alert the driver to take over when pulling in and out of driveways or dealing with complicated traffic issues, such as navigating through roadwork or accidents."" My question is how does the car know when to alert the driver? Does it have sensors on the front of the car that detect traffic, and if so what if the sensors fail and the car continues to drive at a steady speed right into heavy traffic before the driver has time to react because he was relying on a car to alert him? The same goes for the car detecting roadwork or if a person is crossing the street or someone riding their bike falls into the road. There are too things that could go wrong on these cars to have them out on the road.

There are law"
"As I reflect on the intricacies of the American electoral system, I have come to the conviction that the Electoral College is an antiquated institution that perpetuates more problems than it solves. In my opinion, adopting a popular vote system would be a more equitable and efficient approach to electing our leaders. The Electoral College's propensity for controversy is exemplified by the faithless elector phenomenon, where state legislatures appoint electors who may disregard the will of the people, undermining the democratic process. Although the Electoral College has some ostensible benefits, its drawbacks far outweigh its advantages.

A critical examination of the Electoral College reveals several inherent flaws. Under this system, citizens do not directly vote for their president; instead, they cast ballots for a slate of electors who, in turn, elect the president. The allocation of electoral votes is determined by the outcome of the popular vote within each state. For instance, if a candidate's slate of electors prevails in Florida, they would receive all 29 of the state's electoral votes. However, this system has been marred by instances where the outcome has been contentious due to the narrow margin of victory. In the event of a tie, the election would be referred to the House of Representatives, where state delegations would vote on the president. This protracted and convoluted process is a primary reason why I advocate for the abolition of the Electoral College, as it could be streamlined and completed within a matter of days if we were to adopt a popular vote system.

At its core, the Electoral College is unfair to voters. The winner-takes-all approach in each state leads candidates to focus their efforts on swing states, neglecting those where they are unlikely to win. This not only disenfranchises voters in these states but also creates an uneven playing field, where the interests of certain states are prioritized over others. Furthermore, the Electoral College's emphasis on state-level voting can result in a candidate winning the presidency without receiving the most popular votes nationwide, a scenario that has occurred multiple times in American history. In light of these shortcomings, I firmly believe that it is time to reconsider the Electoral College and adopt a more direct and inclusive method of electing our leaders, one that truly reflects the will of the people.",1,groq_polished_human_draft,"I believe that we should get rid of Electoral College because it seems like that it causes more problems then it does with popular vote. So i think that we should use elections to popular vote over electoral voting. For example, the disaster affect which the state legislatures took responsibilty for picking electors, and those electors could always defy the will of the people. Even though that the electoral college has some pros it has more cons.

There are a couple things wrong with the Electoral college. In the electoral college system you dont vote for your president you vote a state of electors who in turn elect the president. If your vote won then the state that you live in would get that amount of electoral votes. For example, if you live in florida and your slate of electors won then your president would get 29 electoral votes. But in there has been a few instances where this system has not worked because of how close the votes were to each other. If there was a tie then it would be sent to the house of representatives where the state delegations vote on the president. This is one of the reasons why I dont like the electoral college because its one big long process when actually it could only take a couple days if we used popular vote instead of electoral college.

At the most basic level, the electoral college is unfair to voters. Because of the winner take all system in each state candidates dont spend time in states they know they have no chance of winning focusing "
"During the summer break, many students are required to undertake projects designed to foster continuous learning and intellectual growth. These summer projects offer a multitude of benefits, enabling students to delve deeper into a subject and expand their knowledge base. However, when creating such projects, several key factors must be taken into consideration. Ideally, these projects should be crafted by teachers, as they possess an intimate understanding of the curriculum and can tailor the assignments to meet the students' needs, thereby preventing them from simplifying the tasks and ensuring a more meaningful learning experience.

Teachers, as the primary architects of the educational experience, are well-versed in the curriculum and possess a nuanced understanding of the subject matter they impart to their students. This expertise enables them to design projects that not only align with the school's curriculum but also cater to the students' cognitive and academic requirements. By doing so, teachers can create assignments that encourage students to engage with the material, think critically, and develop a deeper appreciation for the subject. Furthermore, many teachers assign summer projects that are specifically designed to introduce students to new concepts and material that will be covered in the upcoming academic year, thereby ensuring a seamless transition and preparing students for the challenges that lie ahead.

The majority of students approach the new academic year with enthusiasm and a willingness to learn. However, a smaller subset of students may be less motivated and more inclined to take shortcuts when given the opportunity to design their own summer projects. Without the guidance and oversight of teachers, some students may be tempted to circumvent the learning process, which could ultimately undermine the purpose of the project. By having teachers design and oversee these projects, students are more likely to remain engaged, motivated, and committed to the learning process, even during the summer months. This, in turn, can help to foster a sense of accountability, discipline, and intellectual curiosity, all of which are essential for academic success and personal growth.",1,groq_polished_human_draft,"Over Summer break, certain students are required to complete projects to ensure that they're learning during their time off of school. Summer projects are quite beneficial to students; they allow students to become more knowledgeable about a subject during the process of completion. Although, a few factors should be considered when creating them. These types of projects should be designed by teachers since they're aware of the curriculum, it'll avoid students from making it too easy, and it could potentially benefit the students.

When teaching, the teachers must teach according to the school's curriculum. They also have a complex understanding of the material that they share with their students. With this knowledge, they'll know what to include when designing the projects. Not only do these assignments encourage the students to learn, but some teachers assign these projects based on the new material they'll be learning when they come back. Therefore, they will be prepared for the new unit when it's introduced to them at school.

A majority of students come to school prepared and eager to learn. The rest of those students are typically known to be lazy or carefree when it comes to schoolwork. If they get the opportunity to design a summer project, some of them might take a shortcut, which may defeat the purpose of the project. Without authority, numerous students obtain the idea to go after something they normally wouldn't go for if they had a sense of authority. Some will pu"
"While I firmly believe that participating in sports can be highly beneficial for children, I also recognize that the decision to engage in such activities should not be imposed by school administrators. The principle of compulsory sports participation raises concerns about the infringement of individual rights, which are fundamental to our democratic society. In this country, we pride ourselves on the freedom to make choices and exercise our right to vote, and it is essential that these liberties are not compromised.

However, I do think that many children are not spending enough time engaging with the world around them. The proliferation of technology has led to a decline in outdoor activities, as many kids prefer to stay indoors and play video games. This trend is a stark reality that warrants attention. On the other hand, striking a balance between technology and outdoor activities can have a profoundly positive impact on our community, bringing together the best of both worlds.

The right to choose is a fundamental aspect of our society, and taking it away can have far-reaching consequences. While the idea of mandatory sports participation may seem appealing, it is not a one-size-fits-all solution. Many children already participate in sports outside of school, and adding another commitment to their schedule can be daunting. Furthermore, schools are not always aware of the extracurricular activities that students engage in outside of the classroom, making it challenging to expect them to manage their time effectively and complete their homework within a limited timeframe.

One potential solution to this issue is to send a letter to parents, soliciting their input on whether their child can participate in sports. This approach would allow parents to indicate whether their child is already engaged in a sport or activity, and if so, whether they have the capacity to take on additional commitments. By involving parents in the decision-making process, we can mitigate the potential drawbacks of mandatory sports participation and ensure that children are not overburdened.

In conclusion, the idea of mandatory sports participation is a complex issue with both merits and drawbacks. While it is essential to encourage children to engage in physical activity and explore the world around them, it is equally important to respect their right to choose and make decisions about their own lives. As adults, we recognize the value of autonomy and self-determination, and it is crucial that we extend these same rights to children, allowing them to develop into capable and independent individuals. Ultimately, finding a balance between promoting physical activity and respecting individual choice is essential for creating a healthy and well-rounded community.",1,groq_polished_human_draft,"Yes I do feel that kids should do sports but this isnt my choice to make. The principle should not be able to ethier it is against are laws. In this cuntrey we have the right to have a choice and vote, and that cant be taken away.

Now I do feel that kids are not getting out into the world enough. This is because of technolgy, kids dont want to go outside with there friends. kids are staying inside playing video games, and that is a fact. Now a mix of both is great and brings the best of both worlds to are comunity.

People have the right to chose, and if you are taking away this then you are taking away from rights. It is a great idea, but it won't work all of the time, because kids have things to do when they get home. And if they are already playing sports outside of school, how are they going to fit this into there schedule. The school does not know what they do at home so how can they expect them to do homework and everthing else in just one week.

This issue can be fixed, by sending home a letter. This letter will ask the parents if they can make the kids play sports. This will eliminate the issue because parents can say if they play a sport already. And if they already are busy, and cant, then they dont have to do a sport or an activity after school.

All in all this is a great thing and a horrible thing because it does not always work. Kids need the right of choice, it is an essintial right, that we even as adults need. But kids also need to get outside into the world"
"The notion that schools should require students to engage in school-related activities over the summer is a concept I vehemently disagree with. Summer break is a sacred period of respite from the rigors of academia, a time for students to recharge and pursue their passions without the burden of schoolwork. If such requirements are to be implemented, I firmly believe that they should be student-designed, allowing individuals to tailor their experiences to their interests and strengths. By doing so, students can maintain a sense of autonomy and agency over their summer break, even if it involves activities that have some relevance to their academic pursuits.

The purpose of summer break is to provide students with an opportunity to relax, have fun, and engage in activities that bring them joy and fulfillment. It is a time for unstructured play, socialization, and exploration, free from the constraints of a traditional school setting. Forcing students to participate in school-related activities during this period would be counterproductive, as it would undermine the very essence of summer break. As someone who values the importance of childhood and adolescence, I would never advocate for taking away this precious time from students.

Student-designed summer activities are essential because they acknowledge the diverse interests and preferences of students. Adults often struggle to understand what resonates with young people, and a one-size-fits-all approach would likely fall short. By giving students a voice in the design of their summer experiences, we can ensure that they are invested in and enthusiastic about the activities they undertake. Moreover, this approach would help to foster a sense of ownership and responsibility, as students would be more likely to take pride in their work and strive for excellence.

However, I must reiterate that, in my opinion, summer break should remain a sacrosanct period, free from the obligations of school-related activities. If schools were to require students to participate in such programs, the logistical challenges would be significant. Teachers would need to be involved in running these programs, which would not only add to their workload but also detract from their own summer break. This, in turn, could lead to burnout and decreased morale among educators. Furthermore, the financial implications of such a plan could be severe, with the potential for significant debt and resource misallocation if the program were to fail.

In conclusion, the idea of requiring students to participate in school-related activities over the summer is misguided. Instead, we should prioritize student autonomy, creativity, and well-being by allowing them to design their own summer experiences. By doing so, we can ensure that students return to school in the fall feeling refreshed, motivated, and eager to learn, rather than feeling resentful and disconnected from their educational pursuits.",1,groq_polished_human_draft,"Some schools require kids to do something school based over the summer, I don't agree with that at all. Kids use summer break as a vaction from all things school related. If they do make the kids do it then I think it should be student-designed. The reason being is, if you're going to take the students summer break then at least let them do what they want to do. If the things they choose to do is school-realatable than they should get to do it.

A summer break is a kids time to have fun. It's not meant for more things school, it mean that school needs to be as far as possible. Kids should be out playing with their friends, not stuck doing something school realated. Kids should never be forced to do something that they don't want to do. Me, personally I would never take a kids summer break away from them.

It shoud definently be student-designed. One, Adults don't know what us kids like to do. They are just going to merge all grades and expect all of us to get along. Kids should always have a say in what they are going to do. Some parents just make plans for their kids. That is not be the way kids should be treated.

But in my opinion, kids should never have their summer break taken. Also if you make the students do something over summer break than the teachers are going ot have to run it. Then that takes away from everybody, then everybody gets mad. Lastly, no one is going to run it. Which leaves the school in debt because their plan didn't go as planned.

In conclusion, No k"
"The integration of the Facial Action Coding System (FACS) in the classroom has the potential to revolutionize the way students learn and engage with educational content. Often, students struggle to maintain focus and interest when presented with lessons that do not resonate with them, despite the importance of the material for future applications. To mitigate this issue, I propose that leveraging computer technology, in conjunction with FACS, could help students stay on track and optimize their learning experience.

Teachers have long recognized the value of adapting their instructional methods to cater to the diverse learning styles of their students. Similarly, FACS-enabled computers could be programmed to adjust their teaching approaches in real-time, responding to the unique needs and preferences of each learner. For instance, when a student is reading a digital excerpt on a topic that fails to spark their interest, they may quickly become disengaged, which can have negative consequences, particularly if the information is crucial for academic success. However, with FACS, this problem could be effectively addressed. The system could introduce interactive elements or modify the teaching style to rekindle the student's enthusiasm, or, conversely, maintain the existing approach if the student remains attentive.

It is well-established that individuals exhibit distinct learning preferences, with some responding better to visual, hands-on, or verbal instruction. The FACS could identify these preferences by analyzing students' facial expressions, allowing the system to tailor its teaching methods accordingly. If a student appears focused and engaged while viewing a diagram, the system could infer that they are a visual learner and continue to present information in a visually oriented manner. Conversely, if this approach proves ineffective, the system could explore alternative methods, such as hands-on activities or verbal explanations, to determine the most effective way to reach the student. By harnessing the power of FACS, educators can create a more personalized, responsive, and effective learning environment that caters to the diverse needs of their students, ultimately leading to improved academic outcomes and increased student satisfaction.",1,groq_polished_human_draft,"Using the Facial Action Coding System would be valuable in a classroom. Many students often get bored, distracted, or just lose focus when being taught a lesson that doesn't interest them. Of course you can't just not learn the lesson, since you are learning because it will come to use later on. Therefore, I believe that with help from your computer screen, you could stay on track with your work.

Often times, teachers use different teaching styles based on what allows their students to learn most effectively. With the Facial Action Coding System, computers could do so, too. For example, say you're reading an excerpt on the computer and it's not really on a topic that interests you, most students would immediately lose attentiveness to the reading. This is not a good thing, especially if the information was important, useful, or for a grade. But, with the Facial Action Coding System, this problem could be solved. The system could be used to spice up the learning, or keep the teaching style stays the same way if the student is staying attentive.

Many people learn in a different way. Some students are more effectively taught by learning visually, others hands-on, and some verbally. The Facial Action Coding system could recognize these based on students facial expressions. If the student is looking focused while seeing a diagram, the system could see they're a visual learner, and keep teaching the topic in that way. Otherwise if that doesn't work, the system could see if the st"
"The advent of driverless cars has sparked intense debate in the automobile industry, with proponents arguing that these vehicles can significantly mitigate the risks associated with human error. However, despite the allure of a seemingly foolproof solution to reducing accidents, I remain skeptical about the viability of driverless cars.

As the author astutely notes in section four, ""The combination of all of this input is necessary for the driverless car to mimic the skill of a human at the wheel."" Nevertheless, I firmly believe that the nuances of human driving, including the instinctive reactions and judgments that experienced drivers develop over time, cannot be fully replicated by sensors, robots, or mechanical systems. In unforeseen situations that demand unorthodox solutions to maintain control and avoid collisions, seasoned drivers possess the knowledge and expertise to respond effectively. While robots may be programmed to react to certain scenarios or evade obstacles, the complexity and unpredictability of real-world driving scenarios cannot be entirely anticipated or coded. The inherent limitations of artificial intelligence in mimicking human intuition and adaptability lead me to my next concern regarding driverless cars.

The psychological implications of driverless cars, as discussed in section eight, also warrant consideration. The author highlights the potential for laziness and boredom to arise when humans are no longer engaged in the driving process. In an attempt to address this issue, some manufacturers propose incorporating entertainment systems into driverless cars to alleviate boredom. However, this approach raises further questions about the potential consequences of distracting passengers and the efficacy of such measures in preventing the onset of boredom. Furthermore, the introduction of entertainment systems may create new distractions, potentially undermining the safety benefits that driverless cars are intended to provide. Ultimately, the intricate dynamics of human psychology and behavior cannot be fully accounted for by technological solutions alone, underscoring the need for a more nuanced approach to the development and implementation of driverless cars.

Note: I made significant changes to the original draft, including:

* Reorganizing the structure to improve coherence and flow
* Enhancing vocabulary and sentence structure to elevate the tone and sophistication
* Adding transitional phrases to connect ideas between sentences and paragraphs
* Emphasizing the student's arguments and concerns to create a clearer narrative
* Using more precise and technical terms, such as ""nuances of human driving"" and ""artificial intelligence,"" to demonstrate expertise and familiarity with the topic.",1,groq_polished_human_draft,"Driverless cars are a relatively new concept in the automobile industry, and the benefits they offer could potentially decrease the risk in driving, especially given the inconsistencecy of drivers in today's world. While this is a tempting and seemingly perfect solution to reducing the number of car accidents, I do not support the idea of driverless cars.

The author states in section four that, ""The combination of all of this input is necessary for the driverless car to mimic the skill of a human at the wheel"". While humans are not in any way perfect drivers, the natural instincts and reactions of a human behind the wheel are impossible to capture in the form of sensors, robots, or mechanincs of any kind. In situations where unorthodox solutions are needed to remain in control of the car and keep from crashing, veteran drivers have the knowledge and experience to do so. Robots may have programs to react in certain situations, or to move out of the way if an object is coming towards the car at a rapid speed, but not all situations can be programmed. Robots simply cannot react the same ways humans do, which brings me to my next reason for not supporting driverless cars.

Section eight of the passage focuses on the psychological aspects of driverless cars, and introduces thd idea of laziness and boredom in human nature. Later on, the author states that some manufacturers hope to address this problem by including entertainment in the cars to remedy this boredom. Bringing in car "
"The notion of attending classes via online or video conferencing has gained traction in recent years, with some schools offering this option as an alternative to traditional classroom learning. However, this approach raises significant concerns regarding the development of student responsibility and the potential for academic dishonesty. Without direct supervision, how can educators ensure that students are not cheating on tests or failing to engage with the course material? Furthermore, it is essential to consider the psychological, mental, and physical implications of this option on students. Education is a pivotal aspect of personal growth, and it is crucial to examine whether online learning can provide the same benefits as traditional schooling.

In contrast, attending school in person offers a plethora of advantages. By participating in sports, activities, and social events, students can develop essential life skills, such as teamwork, communication, and time management. Moreover, physical education classes, which are often a staple of traditional schooling, play a vital role in promoting physical health and well-being. The benefits of in-person learning extend beyond the classroom, as students have the opportunity to interact with peers, form meaningful relationships, and develop emotional intelligence.

A notable example that underscores the importance of traditional schooling is the experience of a student at Generic School, who opted for online classes in 2015 due to difficulties with social interaction. However, this student ultimately regretted their decision, realizing that communication is a vital component of education and a key factor in achieving success in life. The student's words of wisdom to their peers were unequivocal: ""There are no greater benefits than attending school in person. School provides invaluable knowledge, prepares you for your future, and fosters essential life skills."" Although the student initially disliked the early morning wake-up calls and the chaos of daily school life, they came to understand that avoiding people is not a viable option, as human interaction is an inherent aspect of our existence. This epiphany led the student to appreciate the importance of embracing social interactions and the numerous benefits that traditional schooling has to offer.

Ultimately, the decision to attend school in person or opt for online learning has far-reaching consequences. While online learning may offer flexibility and convenience, it is essential to weigh these benefits against the potential drawbacks, including the lack of social interaction, limited opportunities for personal growth, and the risk of academic dishonesty. As the student's experience at Generic School demonstrates, traditional schooling provides a well-rounded education that extends beyond academic knowledge, fostering essential life skills, emotional intelligence, and a deeper understanding of the importance of human connection.",1,groq_polished_human_draft,"Some schools offer the option of attending classes by ""online"" or ""video conferencing"". This may not be a good idea because how does the student going to get responsible? or how can the teachers know if the student is not cheating on a test?. Is there any benefit to know is this option is going to help the student phsychlogy, mentally or physically?. Education is too important! And a better way of learning is by attending to SCHOOL! The way as many people done it. Also, by this way attending to school students might join in sports, activities, etc. It gives more benefits and helps to refresh your mind. School gives classes of ""PE"" which is important because doing sports is healthy.

In 2015, a student at Generic_School took the option to attend classes by online because the student was not a ""social"" person which means the student did not like to communicate. But after all the student did regret it. The student noticed that communication is too important because is part of education and how to success in life. The words of the student to advice the students were "" There is no more benefits than attending to school. School does help you to your knowdlegde and prepare you for your future. Did not like the fact of waking up too early and to deal with all those people every single day, but here is the thing as people we cannot avoid people. It does affect you plus It does not make sense at all. Why? because WE ARE THE PEOPLE. What I learned by taking this option and what made me "
"The Enigmatic Planet of Venus: Unveiling the Challenges of Exploration

Venus, often referred to as the ""Evening Star,"" is a celestial body that has long fascinated astronomers and space enthusiasts alike. As the second planet from the sun, Venus is shrouded in a dense atmosphere composed of approximately 97 percent carbon dioxide, rendering it an inhospitable world for human exploration. Despite these challenges, NASA and other space agencies have been endeavoring to study Venus through innovative approaches, driven by the allure of unraveling the secrets of our neighboring planet.

As Earth's twin in terms of density and size, Venus presents a fascinating case for scientific investigation. The proximity of Venus to our planet, coupled with its similar dimensions, makes it an intriguing subject for comparative planetary analysis. The trio of Earth, Venus, and Mars, each orbiting the sun at distinct velocities, offers a unique opportunity for astronomers to gain insights into the formation and evolution of our solar system. However, the extreme environment on Venus has thus far precluded human exploration, with no manned missions having successfully landed on the planet. While some spacecraft have briefly survived the harsh conditions, none have endured for more than a few hours, leaving Venus as one of the few planets in our solar system that remains untouched by human presence.

The merits of studying Venus have been astutely argued by various authors, who highlight the planet's exceptional characteristics, including surface temperatures exceeding 800 degrees Fahrenheit and atmospheric pressures 90 times greater than those experienced on Earth. These extreme conditions, while hostile to human existence, offer a compelling rationale for scientific inquiry, as they can provide valuable insights into the planet's geological and atmospheric processes. By exploring Venus, we can expand our understanding of the universe, challenge our current knowledge, and push the boundaries of human innovation.

The allocation of resources for planetary research is a topic of ongoing debate, with some arguing that investing in the study of inhospitable worlds is a futile endeavor. However, the discovery of a planet with a breathable atmosphere and the potential to support life would be a groundbreaking find, warranting extensive research and analysis. While Venus, with its extreme environment, may not be a prime candidate for human habitation, the study of this planet can still yield significant scientific dividends, informing our understanding of planetary formation, atmospheric dynamics, and the potential for life beyond Earth. Ultimately, the exploration of Venus, despite its challenges, is a worthwhile pursuit, as it can broaden our knowledge of the cosmos, inspire new generations of scientists and engineers, and drive innovation in the fields of space exploration and technology.",1,groq_polished_human_draft,"The Challenge of Exploring Venus, Venus is called the ""Evening Star"" it's one of the brightest stars in the nigh sky. Venus is a planet its the second planet from the sun. The atmopshere of almost 97 percent carbon dioxide blankets Venus. NASA is tring other approaches to study Venus. Venus is a planet trying to be explored and studied.

Venus is the second planet in line to the sun. Earth's twin is Venus, Venus is the closest planet to Earth in density and the size. Earth, Venus and Mars are neighboring planets they all orbit the sun at different speeds. No man has been on Venus NASA has tried to send spaceships up to Venus but the ships never survived the landing some did but they didn't make it past a few hours. Venus has never been touched by man.

The author has lots of good pionts about Venus and the is it worth to study. The auther has good pionts he claims the average temperature on Venus is over 800 degrees and that the atmosheric pressure is 90 times greater than what we experience on Earth. The auther makes good pionts of why we should study this planet, to learn to expand our minds into space.

Spending resources on studying planets is a good and a bad. Studying planet that can't help us is a wate of time, finding a planet out there that have air and can grow plants is a big find and we should study those planets. The auther has claimed that Venus has a temputer of 800 degrees no person a live can live through that so that planet is the worth taking time, resource"
"The concurrent operation of a cellular device and a vehicle poses a perilous threat, as the alarming prevalence of texting and driving has become the leading cause of mortality among teenage drivers. A staggering one out of every four car accidents in the United States is attributed to this hazardous behavior, resulting in approximately eight fatalities and 1,161 injuries daily in crashes involving distracted driving. The gravity of this issue necessitates immediate attention and action to mitigate the risks associated with this lethal combination.

The propensity for texting and driving among young drivers is a pressing concern, with studies revealing that mobile phone usage while driving significantly impairs visual scanning of the road ahead, increases lane weaving, and slows response times to potential hazards. It is imperative to address this issue proactively, enabling young adults to break this habit and avoid the devastating consequences that may arise from it. By doing so, they can develop safe driving practices that will serve them well throughout their lives.

In response to the growing concern surrounding texting and driving, numerous states have implemented hands-free laws to curb this dangerous behavior. Currently, states such as California, Connecticut, Delaware, Georgia, Hawaii, Illinois, Maryland, Nevada, New Hampshire, New Jersey, New Mexico, New York, Oregon, Vermont, Washington, West Virginia, and Washington, D.C. have enacted legislation to prohibit the use of handheld devices while driving. These laws underscore the importance of prioritizing road safety and minimizing the risks associated with distracted driving.

Ultimately, the perils of texting and driving are multifaceted, and it is crucial for drivers to consider the various scenarios that can impact not only themselves but also their passengers and other road users. Younger drivers, in particular, must recognize the significance of responsible driving practices and the potential consequences of their actions. By acknowledging the dangers of texting and driving and taking proactive steps to prevent it, we can work towards creating a safer and more responsible driving culture, one that prioritizes the well-being of all individuals on the road.",1,groq_polished_human_draft,"Operating a cellular device at the same time as handling a vehicle is so dangerous, due to texting and driving becoming the leading cause of death among teenage drivers, one out of every four car accidents in the U.S. is caused by texting and driving, that boils down to roughly eight people being killed each day and roughly one thousands one hundred and sixty-one injuries in crashes that involved distracted driving.

Texting and driving appears to be a significant problem among young drivers. Studies show that drivers on a mobile phone reduce their visual scanning of the road ahead, are more likely to weave within their lane on bends, and are slower to respond to hazards. It is important to go ahead and deal with this issue for young adults now, so that they can break this habit and not have to deal with any future issues.

Due to the constant concern of this matter, many states have decided to enforce a hands free law. The different stats in the United States that have enforced this law are, California, Connecticut, Delaware, Georgia, Hawaii, Illinois, Maryland, Nevada, New Hampshire, New Jersey, New Mexico, New York, Oregon, Vermont, Washington, West Virginia plus Washington, D.C.

Laws and facts show several reasons why it is unsafe to text and drive, but when it narrows down, the driver must take under consideration the different situations that can affect them self and others in the vehicle as well. Younger drivers do not realize the importance of considering the passeng"
"The Perils of Cell Phone Use While Driving

The advent of cell phones in 1980 revolutionized the way people connect with one another, and their ubiquity has grown exponentially over the years. The ease of communication they provide has made them an indispensable tool for billions of people worldwide, transforming them from a luxury to a necessity. However, this increased reliance on cell phones has also led to a disturbing trend: the use of these devices while driving, resulting in a plethora of accidents and loss of life. Despite their numerous benefits, the distractions caused by cell phones behind the wheel have become a pressing concern, compromising road safety and underscoring the need for responsible driving practices.

Cell phones have evolved to become multifaceted devices, serving as more than just a means of communication. They have become an integral part of daily life, functioning as radios, video players, and miniature personal computers. Their versatility has made them an essential tool for both personal and professional convenience, providing a sense of safety and comfort. Nevertheless, the consequences of using cell phones while driving are far-reaching and devastating. Studies have consistently shown that drivers who use their cell phones while driving are more susceptible to fatal accidents, as their attention is diverted from the road to the device.

The act of driving demands undivided attention, as it requires a complex array of cognitive and motor skills. However, when drivers attempt to multitask by using their cell phones, their mental capacity is significantly impaired, leading to a diminished ability to respond to their surroundings. The distractions caused by cell phones can result in slow reaction times to traffic signals, pedestrians, and other vehicles, ultimately increasing the risk of accidents. Furthermore, the cognitive distraction caused by cell phones can persist even after the device is no longer in use, as drivers may still be mentally preoccupied with the conversation or task at hand. As such, it is imperative that drivers recognize the risks associated with cell phone use while driving and adopt responsible habits to ensure their safety and the safety of others on the road. By doing so, we can mitigate the dangers posed by cell phones and promote a culture of safe and attentive driving.",1,groq_polished_human_draft,"Phones & Driving

Cell phones were first introduced to society in 1980. Throughout the world, cell phone usage has grown very quickly because of the ease of connecting with anyone in the world. People can pick up their phones while driving to text or answer calls while causing many accidents and taking lives. It is proven, that despite an effective way of communication, using cell phones during driving results in distracting the attention of drivers and increasing road safety concerns.

Billions of people throughout the world are using cell phones in their daily life. Cell phones have become a necessity for many to function better in their daily lives. Cell phones today are considered less fashion and more of a utility providing several benefits. Cell phones are much more than just communication devices.

They are used as radios, video players, and mini-personal computers. Cell phones are used for business and personal convenience while providing safety and comfort.

Studies have shown that using cell phones during driving makes the driver more exposed to fatal accidents by taking the focus of the driver from driving to a cell phone. Drivers are trying to divide their attention between driving and their cell phones. Driving deserves undivided attention. Cell phones during driving also reduce the mental capacity of drivers as they fail to concentrate on activities happening around them. Cell phones distract drivers' attention, resulting in slow response to traffic signals and "
"The integration of cell phones in educational settings has sparked a contentious debate, with proponents arguing that these devices can be valuable tools for learning, while opponents claim that they serve as a distraction. In my opinion, students should be permitted to bring their cell phones to school, provided they adhere to established guidelines. Specifically, school rules dictate that cell phones should be turned off or set to silent mode during class, allowing students to utilize them only during designated breaks, such as lunch or free periods.

Failure to comply with these regulations can result in consequences, as students who use their phones during class not only compromise their own learning experience but also potentially disrupt their peers. The onus of responsibility lies with the student to ensure that their cell phone does not become a distraction, either for themselves or for others. If a teacher observes a student using their phone during class, they will either confiscate the device or instruct the student to put it away, as it can divert attention away from the lesson and hinder the learning process.

Moreover, the diversion caused by cell phones can have far-reaching consequences, extending beyond the classroom. A student who is not fully engaged in the learning process due to excessive phone use may experience a decline in their academic performance, which can, in turn, impact their eligibility to participate in extracurricular activities, such as sports. Conversely, if students were to refrain from using their phones during class and focus on their studies, they may witness an improvement in their grades, ultimately enabling them to participate in sports and other activities that foster personal growth and development.

Ultimately, it is essential for students to recognize the importance of balancing their cell phone use with their academic responsibilities. By establishing clear boundaries and guidelines for phone use, students can harness the benefits of these devices while minimizing their potential drawbacks. By doing so, students can cultivate a more disciplined approach to learning, one that allows them to reap the rewards of education and extracurricular activities, ultimately leading to a more fulfilling and successful academic experience.",1,groq_polished_human_draft,"We should allow the students to bring there cell phones while they are at school, but as the school rules say ""the cell phones should be off or on silent during class. The students may take out there phones when they are at lunch or when they have free time. If the students do not follow these rules they will get consequences for having there cell phones on during class or using them during class. And if the students are using there cell phones during class it may distract other students while they are learning. These students are responsible for there cell phones going on in class or even using them during class. If a teacher is seeing any of there students using a phone the teacher will either take the phone away or he or she will tell the student to put it away because it is distracting the other students from learning. And it will mot just distract the other students, but it distracts the student that has the phone. If the student is not paying attention it could bring down there grade and they will not be learning anything what there teacher is showing them. if they get to distracted with the cell phone they can be in danger at school. they will not be able to do any school sports when they have really bad grades. If they were to leave there cell phones alone and start to learn maybe they could start playing sports. they will also bring up there grade as well. These students should start learning and stop using there phones during class. The students may use there phones"
"Venus, the second planet in our solar system, often referred to as the ""Evening Star,"" is one of the brightest luminaries in the night sky. Due to its remarkable similarities to Earth in terms of density and size, Venus is frequently dubbed our planet's ""twin."" Occasionally, it is also the closest planet to Earth in terms of distance, piquing the interest of scientists who are eager to conduct an in-depth examination of this celestial body. However, the proximity of Venus to Earth belies the significant challenges associated with exploring it. Every mission to Venus has been unmanned, and for good reason: the harsh environment has proven to be a formidable obstacle, with many spacecraft failing to survive the landing for more than a few hours. This explains why no spaceship has successfully touched down on Venus in over three decades. In the following paragraphs, I will delve into the dangers that Venus poses, the motivations behind scientists' desire to study the planet, and the innovative approaches being developed to explore this enigmatic world.

The numerous hurdles that prevent humans from traveling to or studying Venus are multifaceted. One of the primary reasons is the planet's atmosphere, which is comprised almost entirely of carbon dioxide – a toxic gas that is lethal to humans. Furthermore, the atmosphere is shrouded in clouds of highly corrosive sulfuric acid, posing an additional threat to any potential visitors. The surface of Venus is also characterized by extreme temperatures, averaging over 800 degrees Fahrenheit, and an atmospheric pressure that is 90 times greater than what we experience on Earth. These conditions are so extreme that they would be catastrophic for any human, and even a submarine designed to withstand the deepest oceanic pressures would be crushed by the unforgiving environment of Venus. The sheer hostility of this planet's environment has necessitated the development of novel strategies for exploring and understanding our mysterious twin planet. 

Note: I made significant changes to improve the essay's clarity, coherence, and overall flow. I also enhanced the vocabulary and sentence structure to make the essay sound more sophisticated and eloquent. Additionally, I corrected grammatical errors and improved transitions between sentences and paragraphs.",1,groq_polished_human_draft,"Venus, the second plant in our solar syetem, sometimes called the ""Evening Star,"" is one one of the brightest lights in the night sky. Venus is also often referred to as Earth's ""twin,"" since Venus is the closest planet to Earth in terms of density and size, and occasionally the closest in distance too. Since its distances is close to Earth, scientists have wanted to study and examine this planet up close, but this would prove to be dificult. Each mission to Venus was unmanned, and for good reasons, since many spacecrafts dont even survive the landing for more than a few hours. This explanins why not a single spaceship has touched down on Venus in more than three decades. In the following paragraphs I will desribe the dangers that are on Venus, why scientists want to study the planet, and what are some new approches to studing Venus.

Their are a lot of reasons why humans can't travel or study Venus. One of the reasons why we cant study Venus is that the atmosphere is completely comprised of almost 97 percent carbon dioxide, which is toxic to humans. The second reason, are the clouds of highly corrosive sulfuric acid in Venus's atmosphere. Another reason is that on the planet's surface, temperatures average over 800 degrees Fahrenheit, and the the atmospheric pressure is 90 times greater than what we experience on our own planet. These conditions are far more exstreme for any human to handle; the environment would crush even a submarine accustomed to diving to the deepest par"
"The advent of the automobile in the early 20th century revolutionized the way people lived, worked, and interacted with one another. However, as the world grapples with the challenges of environmental degradation and urban congestion, it has become imperative to reassess the role of cars in our daily lives and consider the benefits of limiting their use. A growing body of evidence suggests that reducing our reliance on cars can have a profound impact on both the environment and our collective well-being.

Studies have consistently shown that cars are a significant contributor to pollution, emitting greenhouse gases and particulate matter that can have devastating effects on the environment and human health. The statistics are alarming: in Europe, passenger cars are responsible for 12% of greenhouse gas emissions, while in some car-intensive areas of the United States, this figure can rise to as high as 50% (Rosenthal, 5). The consequences of this pollution can be severe, leading to respiratory problems, cardiovascular disease, and even rendering habitats uninhabitable.

However, there are reasons to be optimistic. Cities around the world are experimenting with innovative solutions to reduce car usage and mitigate the effects of pollution. For example, Paris, France, has implemented a ban on cars with even-numbered plates, resulting in a significant decrease in smog levels within just one day (Duffer, 19). This bold initiative demonstrates that even small changes can have a profound impact on air quality and public health. As Duffer noted, ""The smog cleared enough on Monday for the ruling French party to rescind the ban for odd-numbered plates on Tuesday"" (Duffer, 19), highlighting the potential for swift and effective action.

One of the primary concerns about reducing car usage is the potential impact on employment. Critics argue that limiting car production and usage could lead to widespread job losses. However, this need not be the case. In Bogota, Colombia, for example, the slowing down of car distribution has enabled the creation of parks and sports centers, providing new opportunities for recreation and community engagement (Selsky). By repurposing urban spaces and investing in alternative modes of transportation, cities can create new jobs and stimulate local economies while also improving the quality of life for their citizens.

In conclusion, while the automobile has undoubtedly transformed modern society, it is essential to recognize the benefits of limiting car usage and exploring alternative modes of transportation. By doing so, we can reduce pollution, improve public health, and create more sustainable and livable cities. As we move forward, it is crucial to adopt a nuanced and multifaceted approach, one that balances the needs of the economy with the imperative to protect the environment and promote human well-being.",1,groq_polished_human_draft,"The works of a car have created wonders to people as early as the early 1900s. Now people need to understand the advatages of limting car use. Pollution has gone down in cities from not using cars and people have reported less stress, which is due to the car rates going down. Many people have argued that jobs are going to go more down then we may need, if we stop using cars, but there is always a way to fix small situations such as that.

Studies have shown cars have created pollution for the enviornment. Pollution can cause sickness and other affects that can cause a habitat to be inhabitable.""Pasenger cars are responsible for 12% of greenhouse gas emissions in Europe... and up to 50% in some car-intensive areas in the United States,""(Rosenthal,5). Though, we can fix that. Many cities such as Paris,France have experimented with the law involving cars to see if the country can have a pollution decrease and they did, within the first day. Duffer reported that on Monday Paris created a ban for the even-numbered plates and the smog was able to clear in one day's time. ""The smog cleared enough Monay for the ruling French party to rescind the ban for odd-numbered plates on Tuesday,"" (Duffer,19).

People have argued that stopping car production may cause people to lose their jobs. There is a way to fix that. Selsky reported that in Bogota,Colombia because of the car distribution slowing down they were able to make parks and sport centers accessiable. ""Parks and sports centers also "
"The Dangers of Distracted Driving: A Compelling Case Against Phone Use Behind the Wheel

One of the most contentious debates in contemporary society revolves around the issue of texting or talking on the phone while driving. This global controversy sparks intense discussion, with proponents on both sides presenting fervent arguments for and against the practice. However, beyond the realm of opinion, a plethora of statistics and facts unequivocally demonstrate the perils of using one's phone while driving. The overwhelming evidence suggests that this behavior is not only ill-advised but also fraught with devastating consequences, including a significant increase in accidents.

A staggering 660,000 drivers attempt to use their phones while behind the wheel every day, a phenomenon facilitated by the ubiquity of smartphones. While these devices have made it effortless to stay connected at all times, they also create a substantial risk of distraction when used while driving. This distraction can have catastrophic consequences, including car crashes. According to the National Safety Council, the use of cell phones while driving is responsible for a staggering 1.6 million crashes annually. Moreover, a staggering one in four accidents in the United States can be attributed to cell phone usage, resulting in approximately 390,000 injuries each year caused by texting and driving.

Furthermore, while some individuals may perceive talking on the phone as a less hazardous alternative to texting, it is essential to recognize that this behavior also poses significant safety risks. One of the fundamental rules of safe driving is to maintain control of the vehicle with both hands on the steering wheel, typically positioned at the ""ten and two"" o'clock marks. Talking on the phone can compromise this basic principle, leading to a loss of control and increased vulnerability to accidents. The data unequivocally supports the notion that phone use, regardless of whether it involves texting or talking, is a hazardous behavior that should be avoided at all costs while driving.

In conclusion, the evidence is clear: using one's phone while driving is a perilous practice that poses significant risks to individuals and society as a whole. As we continue to navigate the complexities of modern technology, it is essential to prioritize responsible behavior and recognize the perils of distracted driving. By acknowledging the dangers of phone use behind the wheel and taking proactive steps to mitigate these risks, we can work towards creating a safer and more responsible driving culture.",1,groq_polished_human_draft,"Phones & Driving

One of the most controversial arguments is that of texting or talking on the phone while driving. This controversial argument is debated all of the world and why or why not it's wrong. Regardless of opinions, there are statistics and facts on using your phone and driving. The facts say that it's not the right thing to do for a number of reasons such as accidents. The fact is that using your phone and driving is wrong for a lot and here's the reason why.

Approximately 660,000 drivers attempt to use their phones behind the wheel of a car every day. Smartphones have made it easy for us to stay connected at all times. But that can create serious risks if someone decides to check their phone when they're behind the wheel. Risks such as car crashes. The National Safety Council reports that people who use their cell phone while driving causes 1.6 million crashes each year. One out of every four accidents that take place in the US are due to cell phone usage and almost 390,000 injuries happen each year caused by texting and driving.

Texting and driving being dangerous enough, people also tend to talk on the cell phone while driving, which some people think is less dangerous than texting and driving but, there is still a number of safety hazards to worry about when talking on the phone and driving. One of the obvious rules to follow when driving is to keep both hands on the steering wheel while driving. Specifically ten and two, which they tell you when you go to g"
"Dear Principal,

I wholeheartedly endorse the implementation of community service, as I firmly believe that it is our generation's responsibility to contribute to shaping a better future. By engaging in community service, we not only benefit our community but also gain a deeper understanding of what truly matters, while acquiring valuable life lessons that will serve us well in the long run.

Regardless of the specific service we undertake, whether it be tutoring younger students, participating in environmental clean-up initiatives, or engaging in other forms of community engagement, every effort counts and will ultimately have a positive impact. While the intrinsic value of helping others is a compelling reason to participate in community service, it is equally important to recognize the long-term benefits that accrue to ourselves and our collective future. For instance, supporting the educational development of younger students will have a ripple effect, leading to a more educated and skilled workforce, with individuals who will become the doctors, firefighters, scientists, and innovators of tomorrow. Even seemingly mundane tasks, such as picking up litter, can have a profound impact, as they contribute to mitigating environmental pollution and preserving the health of our ecosystems. By participating in community service, we are not only helping others but also investing in our own future, as we work together to create a better world.

Although some students may initially be reluctant to dedicate time to community service, preferring to focus on their own interests, making it a mandatory component of our educational experience will ultimately guide us toward a deeper understanding of what is truly important. At times, we need to be reminded of our priorities and gently nudged toward making choices that align with our long-term goals. By incorporating community service into our academic routine, we will develop a greater sense of social responsibility, empathy, and self-awareness, all of which are essential for becoming active, engaged, and compassionate members of our community. As we navigate the challenges of adolescence, community service will serve as a catalyst for personal growth, helping us to develop a stronger sense of purpose and direction, while fostering a lifelong commitment to creating positive change in the world around us.",1,groq_polished_human_draft,"Dear Principle,

I think the community service is a great idea, I definitely agree that kids should be helping change our future, for we are going to be the ones living in it. I think the choice of making us do community service will help our community, let us understand what's really important, and also teaches us other valuable lessons.

No matter what kind of service we are doing, helping kids with there education, picking up litter, etc. It will later all help us in one way. Although just helping others is a good reason for service, we must also think about what is best for us and our future. Helping younger kids get a better education is one that will also help our future later on. The more kids who are getting a better education, the more kids we have getting better grades, going to collage, becoming doctors, fire fighters, scientist, one's that may even save us or the world one day. Even picking up garbage changes the world, just one person picking up trash could save a country from water pollution. Whatever were doing we know its for a good cause, because we're not just helping others, we are helping our self's too, by changing the future for the good.

Although not many kids appreciate taking time from what they like to do for service, making it an acquired thing will point us in the direction of understanding to choose what's really important. We must be reminded of what's better for us at times, and sometimes we need a little push even though we want to stay in the"
"The myriad challenges faced by students with disabilities in traditional educational settings are a pressing concern, as inadequate support can hinder their ability to reach their full potential. This, in turn, can have far-reaching consequences, such as diminished opportunities for higher education and future employment. A potential solution to this issue is to offer students with specific needs the option to participate in remote learning, thereby providing them with a more tailored and supportive environment. Contrary to the misconception that accommodating students with disabilities creates an unfair advantage, it is essential to recognize that these individuals often lack the inherent advantages that their peers take for granted. The term ""disability"" encompasses a broad spectrum of conditions, including learning disabilities, mental health issues, physical disabilities, and other medical concerns.

For students with learning disabilities, in particular, attending classes from home can be a highly effective way to provide the additional support they require. By learning in a remote setting, these students can benefit from a personalized approach, working at their own pace and receiving one-on-one assistance from teachers without disrupting the rest of the class. Moreover, online schooling offers the flexibility to take extra classes or receive supplemental instruction without being constrained by the traditional school day. This, in turn, can foster a sense of inclusivity, allowing students with disabilities to feel integrated with their peers, rather than singled out or stigmatized. Ultimately, this approach can help mitigate the feelings of isolation and marginalization that often accompany disability, and instead, promote a sense of belonging and empowerment.

Furthermore, remote learning can also benefit students with disabilities by providing a safe and comfortable environment, free from the distractions and stresses that can exacerbate their conditions. By tailoring their educational experience to their unique needs, students with disabilities can focus on their academic pursuits, rather than struggling to navigate a traditional classroom setting. As educators and policymakers, it is essential to recognize the importance of providing inclusive and supportive learning environments, and to explore innovative solutions, such as remote learning, that can help level the playing field for students with disabilities. By doing so, we can ensure that all students, regardless of their abilities, have an equal opportunity to succeed and reach their full potential.",1,groq_polished_human_draft,"Many students face the issue of having a disability and do not get the help they need from their schools. This is clearly an issue as schools are not letting these students work to their full potential, and can lead to problems for the students later on in life such as; getting into college or getting a job. Allowing students with certain cases the choice to stay home and learn can be a great way to help them. Giving students with disabilities extra help does not make it unfair for other students; as those with disabilities do not have the natural advantage those students have. The category 'disability' does not just include learning disabilities, it includes those with mental illnesses and physical disabilities along with other medical issues.

Attending classes from home would be a great way to help students who have learning disabilities. People with learning disabilities often need extra help and learning at home is a great way to give them that. Online schooling can provide students with the ability to work at their own pace and allows students to receive one on one assistance from their teachers without taking attention away from the rest of the class. Students can also take extra classes to help if needed without having to worry about taking too much time out of the school day. This can also provide care that makes the students feel no different from their classmates; which is what most students really want.

Another way taking classes from home can benefit students is"
